<?xml version="1.0" encoding="UTF-8"?>
<con:soapui-project id="7eeb6621-1eb1-42ac-acee-900e47445ac9" activeEnvironment="Default" name="BRC_SERVICE" soapui-version="5.4.0" xmlns:con="http://eviware.com/soapui/config"><con:settings/><con:interface xsi:type="con:RestService" id="e23657d7-5bb5-4ae8-bf82-c6fcec13066f" wadlVersion="http://wadl.dev.java.net/2009/02" name="https://vqlbusappapda01.prvcld.syfbank.com:7002" type="rest" xmlns:xsi="http://www.w3.org/2001/XMLSchema-instance"><con:settings/><con:definitionCache/><con:endpoints><con:endpoint>https://vqlbusappapda01.prvcld.syfbank.com:7002</con:endpoint></con:endpoints><con:resource name="Cmlpolling" path="/CMLApplyWebService-1.0/v1/cmlpolling" id="f153914d-7394-44c2-ac01-a57e244668ad"><con:settings/><con:parameters/><con:method name="Cmlpolling 1" id="92801cec-b410-4d4e-ae0c-c3247438eea6" method="GET"><con:settings/><con:parameters/><con:request name="Request 1" id="1efda18b-4875-4c80-bd41-757d37d73c1d" mediaType="application/json"><con:settings/><con:endpoint>https://vqlbusappapda01.prvcld.syfbank.com:7002</con:endpoint><con:request/><con:credentials><con:authType>No Authorization</con:authType></con:credentials><con:jmsConfig JMSDeliveryMode="PERSISTENT"/><con:jmsPropertyConfig/><con:parameters/></con:request></con:method></con:resource></con:interface><con:testSuite id="07b121ee-12b8-4e78-b1bc-e8844033e7ec" name="TestSuite"><con:description>TestSuite generated for REST Service [https://vqlbusappapda01.prvcld.syfbank.com:7002]</con:description><con:settings/><con:runType>SEQUENTIAL</con:runType><con:testCase id="b88c7753-ee0a-4cb4-b0ee-f7452f961237" failOnError="true" failTestCaseOnErrors="true" keepSession="false" maxResults="0" name="Cmlpolling TestCase" searchProperties="true"><con:description>TestCase generated for REST Resource [Cmlpolling] located at [/CMLApplyWebService-1.0/v1/cmlpolling]</con:description><con:settings/><con:testStep type="restrequest" name="Request 1" id="4e380762-b710-4580-9ee3-6416b2d518be"><con:settings/><con:config service="https://vqlbusappapda01.prvcld.syfbank.com:7002" resourcePath="/CMLApplyWebService-1.0/v1/cmlpolling" methodName="Cmlpolling 1" xsi:type="con:RestRequestStep" xmlns:xsi="http://www.w3.org/2001/XMLSchema-instance"><con:restRequest name="Request 1" id="1efda18b-4875-4c80-bd41-757d37d73c1d" mediaType="application/json"><con:settings/><con:endpoint>https://vqlbusappapda01.prvcld.syfbank.com:7002</con:endpoint><con:request/><con:credentials><con:authType>No Authorization</con:authType></con:credentials><con:jmsConfig JMSDeliveryMode="PERSISTENT"/><con:jmsPropertyConfig/><con:parameters/></con:restRequest></con:config></con:testStep><con:testStep type="groovy" name="MainScript" id="a345c4b9-8888-4c9c-bbda-d76070f36af8"><con:settings/><con:config><script>/*
@Author: Asha Rani A M
@Description: To send the REST Request and to read the REST Response using Groovy Script
*/
// ***************Defining all the library files here****************//
import jxl.*;                                                       
import jxl.write.*;
import groovy.json.JsonSlurper
import java.util.Date;
import java.lang.*;
import java.io.*;
import jxl.read.biff.BiffException;
import jxl.format.Colour;
import jxl.format.Pattern;
import jxl.write.WritableCellFormat;
import jxl.write.WritableFont;
import jxl.write.WritableSheet;
import jxl.write.WritableWorkbook;
import jxl.write.WriteException;
import com.eviware.soapui.support.XmlHolder
import com.eviware.soapui.impl.wsdl.teststeps.WsdlTestStepResult; 
 
// ***************Defining all the variables here****************//

def Execution_Flag
def clientData
def clientId
def country
def deviceType
def merchantNumber
def operator
def primaryGroup
def register
def secondaryGroup
def keyCode

// ***************Check whether excel file is exists****************//
File datasheet = new File("H:/BRCServices/InputSheet/BrcInputDataSheet1.xls")
if (datasheet.exists())
{
   log.info("File Exist")
}
else
{
   log.info("File Not Found")
}

// ************************Open the Excel file*************************//
Workbook workbook = Workbook.getWorkbook(new File("H:/BRCServices/InputSheet/BrcInputDataSheet1.xls"))
def wooksheet = workbook.getSheet(0)

def obj1 = context.obj 
                
// ***************creating a Results copy to save Outputs***************//
def time = (new Date().format("yyyy-MM-dd-HH-mm-ss"))
String fileName = "H:/BRCServices/Results/BRCServicesResponse_"+time+".xls"
File file = new File(fileName);
file.renameTo(fileName)

WritableWorkbook copy = Workbook.createWorkbook(new File(fileName),workbook)
WritableSheet sheet2 = copy.getSheet(0); 

// ****************************** Taking the Total Number of rows and columns******************************//
EndRowCount = wooksheet.getRows()
log.info "Total Number of Rows Count--> " + EndRowCount
TotalCol = wooksheet.getColumns();
log.info "Total Number of Columns Count--> " + TotalCol

for (i=1; i&lt;EndRowCount; i++)
{
                Execution_Flag = workbook.getSheet(0).getCell(28,i).getContents()                      // Checking the Execution flag
                log.info ("Execution_Flag =" +Execution_Flag)
                if(Execution_Flag.equalsIgnoreCase('Y'))
                {
                               // loading Values from Excel (A1) to TestSuite properties for REST Request

                                clientData=workbook.getSheet(0).getCell(2,i).getContents()             
                                testRunner.testCase.testSuite.setPropertyValue("clientData",clientData) 
                                log.info("clientData Is:" + clientData)
                                clientId=workbook.getSheet(0).getCell(3,i).getContents()              
                                testRunner.testCase.testSuite.setPropertyValue("clientId",clientId)          
                                log.info("clientId Is:" + clientId)
                                country=workbook.getSheet(0).getCell(4,i).getContents()             
                                testRunner.testCase.testSuite.setPropertyValue("country",country)         
                                log.info("country Is:" + country)
                                deviceType=workbook.getSheet(0).getCell(5,i).getContents()      
                                testRunner.testCase.testSuite.setPropertyValue("deviceType",deviceType)           
                                log.info("deviceType Is:" + deviceType)
                                merchantNumber=workbook.getSheet(0).getCell(6,i).getContents()         
                                testRunner.testCase.testSuite.setPropertyValue("merchantNumber",merchantNumber) 
                                log.info("merchantNumber Is:" + merchantNumber)
                                operator=workbook.getSheet(0).getCell(7,i).getContents()           
                                testRunner.testCase.testSuite.setPropertyValue("operator",operator)     
                                log.info("operator Is:" + operator)
                                primaryGroup=workbook.getSheet(0).getCell(8,i).getContents() 
                                testRunner.testCase.testSuite.setPropertyValue("primaryGroup",primaryGroup) 
                                log.info("primaryGroup Is:" + primaryGroup)
                                register=workbook.getSheet(0).getCell(9,i).getContents()             
                                testRunner.testCase.testSuite.setPropertyValue("register",register)         
                                log.info("register Is:" + register)
                                secondaryGroup=workbook.getSheet(0).getCell(10,i).getContents()         
                                testRunner.testCase.testSuite.setPropertyValue("secondaryGroup",secondaryGroup)      
                                log.info("secondaryGroup Is:" + secondaryGroup)
                                keyCode=workbook.getSheet(0).getCell(11,i).getContents()         
                                testRunner.testCase.testSuite.setPropertyValue("keyCode",keyCode)      
                                log.info("keyCode Is:" + keyCode)
                                
                                
                                AccStatusMessage=workbook.getSheet(0).getCell(12,i).getContents()   
                                testRunner.testCase.testSuite.setPropertyValue("AccStatusMessage",AccStatusMessage)              
                                log.info("AccStatusMessage Is:" + AccStatusMessage)

                                //testCaseType=workbook.getSheet(0).getCell(0,i).getContents()
                                //testRunner.testCase.testSuite.setPropertyValue("testCaseType",testCaseType)                               
                                //log.info("testCaseType Is: "+ testCaseType)
          
          //log.info("i:=" + i)
               def testStep = testRunner.testCase.testSteps['BRC']                         // To Execute the script using Test Step 
                                testStep.run(testRunner,context)

// **********************To get the response from the REST****************************//
                                def slurper = new JsonSlurper()
                                def response = context.expand('${BRC#Response}')
                                def jsonRes = slurper.parseText(response)
                                log.info "JSon Response Outputs"
                                log.info "*************************************************************"
                                                                                
                                log.info jsonRes.transactionId    //Reading the different attributes of Response in the Log Output()
                                log.info jsonRes.responseCode  
                                log.info jsonRes.responseText    
                                log.info jsonRes.keyCode
                                log.info jsonRes.geccAccountNo
                                log.info jsonRes.creditLine
                                log.info jsonRes.companyName
                                log.info jsonRes.companyAddress1
                                log.info jsonRes.companyCity
                                log.info jsonRes.companyState
                                log.info jsonRes.companyZip
                                log.info jsonRes.dcsProdCode
                                log.info jsonRes.frnLangInd
                                log.info jsonRes.errorList
                                
                                def transactionId1 = jsonRes. transactionId                                          // Taking the Response and Assigning to the temp variables
                                def responseCode1 = jsonRes. responseCode
                                def responseText1 = jsonRes. responseText
                                def keyCode1 = jsonRes. keyCode
                                def geccAccountNo1 = jsonRes.geccAccountNo
                                def creditLine1 = jsonRes.creditLine
                                def companyName1 = jsonRes.companyName
                                def companyAddress11 = jsonRes.companyAddress1
                                def companyCity1= jsonRes.companyCity
                                def companyState1 = jsonRes.companyState
                                def companyZip1 = jsonRes.companyZip
                                def dcsProdCode1 = jsonRes.dcsProdCode
                                def frnLangInd1 = jsonRes.frnLangInd
                                def errorList1 = jsonRes.errorList
                                Label label1 = new Label(13, i, transactionId1);                 // column=0=A,row=0=1,variable_name
                                sheet2.addCell(label1);
                                Label label2 = new Label(14, i, responseCode1);              // Writing the output values to the excel
                                sheet2.addCell(label2);
                                Label label3 = new Label(15, i, responseText1); 
                                sheet2.addCell(label3);
                                Label label4 = new Label(16, i, keyCode1); 
                                sheet2.addCell(label4); 
                                Label label5 = new Label(17, i, geccAccountNo1); 
                                sheet2.addCell(label5); 
                                Label label6 = new Label(18, i, creditLine1); 
                                sheet2.addCell(label6); 
                                Label label7 = new Label(19, i, companyName1); 
                                sheet2.addCell(label7); 
                                Label label8 = new Label(20, i, companyAddress11); 
                                sheet2.addCell(label8); 
                                Label label9 = new Label(21, i, companyCity1); 
                                sheet2.addCell(label9); 
                                Label label10 = new Label(22, i, companyState1); 
                                sheet2.addCell(label10);               
                                Label label11 = new Label(23, i, companyZip1); 
                                sheet2.addCell(label11);               
                                Label label12 = new Label(24, i, dcsProdCode1); 
                                sheet2.addCell(label12);               
                                Label label13 = new Label(25, i, frnLangInd1); 
                                sheet2.addCell(label13);               
                                //Label label14 = new Label(162, i, errorList1); 
                                //sheet2.addCell(label14);           
                                                
                                

                                if (AccStatusMessage.equalsIgnoreCase(responseText1))                                                                               // Compairing the Result values 
                                                {
                                                                Label label23 = new Label(27, i, "Passed");
                                                                sheet2.addCell(label23);
                                                }
                                else
                                                {
                                                                Label label23 = new Label(27, i, "Failed");
                                                                sheet2.addCell(label23);
                                                }                                                              
                }
                else
                {
                                continue
                                //com.eviware.soapui.support.UISupport.showInfoMessage('Execution Flay is not set to Y OR N ')
                                //break;
                }
                
}
copy.write();
copy.close();          
workbook.close()
//log.info("Response Time :" + messageExchange.getTimeTaken())

//*******************Creating the Log Function**********************************************//

def logArea = com.eviware.soapui.SoapUI.logMonitor.getLogArea("http log");
def groovyUtils = new com.eviware.soapui.support.GroovyUtils(context) 
def projectPath = "H:/BRCServices/Logs/" 
def logFile = new File(projectPath + "soapUI-Logs-file-"+time+".txt")
//This is the first line in the soapUI log file.
logFile.write("soapUI Logs In a file.\r\n")
   if( logArea !=null )
   {
      def model = logArea.model
                if( model.size > 0 )            
                 for( c in 0..(model.size-1) )         
                 logFile.append(model.getElementAt( c ).toString()+"\r\n")            
   }
com.eviware.soapui.SoapUI.logMonitor.getLogArea("SoapUI log").clear()
com.eviware.soapui.SoapUI.logMonitor.getLogArea("http log").clear()
log.info "Execution Completed"
//*******************************************************End Groovy step*******************************************************************//

com.eviware.soapui.support.UISupport.showInfoMessage('BRC Services Execution succesfully completed')

</script></con:config></con:testStep><con:properties/></con:testCase><con:properties><con:property><con:name>clientData</con:name><con:value>asdfrtyhuji876yuiokli87y</con:value></con:property><con:property><con:name>clientId</con:name><con:value>lowes brc</con:value></con:property><con:property><con:name>country</con:name><con:value>US</con:value></con:property><con:property><con:name>deviceType</con:name><con:value>N</con:value></con:property><con:property><con:name>merchantNumber</con:name><con:value>0000000000000001</con:value></con:property><con:property><con:name>operator</con:name><con:value>ECOM</con:value></con:property><con:property><con:name>primaryGroup</con:name><con:value>ab1</con:value></con:property><con:property><con:name>register</con:name><con:value>REGISTER</con:value></con:property><con:property><con:name>secondaryGroup</con:name><con:value>1ab</con:value></con:property><con:property><con:name>keyCode</con:name><con:value>BACJ27</con:value></con:property><con:property><con:name>AccStatusMessage</con:name><con:value>APPROVED</con:value></con:property></con:properties></con:testSuite><con:properties/><con:wssContainer/><con:oAuth2ProfileContainer/><con:oAuth1ProfileContainer/></con:soapui-project>