<?xml version="1.0" encoding="UTF-8"?>
<con:soapui-project id="f06efcfe-c534-49cb-b8f7-43656eba90dd" activeEnvironment="Default" name="Brc_Services" resourceRoot="${projectDir}" soapui-version="5.4.0" abortOnError="false" runType="SEQUENTIAL" xmlns:con="http://eviware.com/soapui/config"><con:settings/><con:interface xsi:type="con:RestService" id="37f1a8ea-0a3f-4d9f-aef5-bbe0b871b814" wadlVersion="http://wadl.dev.java.net/2009/02" name="https://vqlextraapda02.prvcld.syfbank.com:7002" type="rest" xmlns:xsi="http://www.w3.org/2001/XMLSchema-instance"><con:settings/><con:definitionCache type="TEXT" rootPart=""/><con:endpoints><con:endpoint>https://vqlextraapda02.prvcld.syfbank.com:7002</con:endpoint></con:endpoints><con:resource name="Cmlapply" path="/CMLApplyWebService-1.0/v1/cmlapply" id="e3d93cd2-68ab-465d-b235-bebc8a35a931"><con:settings/><con:parameters/><con:method name="Cmlapply" id="4b4db0fe-e8bf-4aa4-9e99-20b0e16dd401" method="POST"><con:settings/><con:parameters/><con:representation type="RESPONSE"><con:mediaType>application/json;charset=UTF-8</con:mediaType><con:status>200</con:status><con:params/><con:element xmlns:cml="https://vqlextraapda02.prvcld.syfbank.com/CMLApplyWebService-1.0/v1/cmlapply">cml:Response</con:element></con:representation><con:representation type="REQUEST"><con:mediaType>application/json</con:mediaType><con:params/></con:representation><con:request name="Request" id="39ec0732-4bb5-4eac-a639-7a147bcc069b" mediaType="application/json" postQueryString="false"><con:settings><con:setting id="com.eviware.soapui.impl.wsdl.WsdlRequest@request-headers">&lt;xml-fragment/></con:setting></con:settings><con:endpoint>https://vqlextraapda02.prvcld.syfbank.com:7002</con:endpoint><con:request>{
"merchantData": {
    "clientData": "",
    "clientId": "lowes brc",
    "country": "US",
    "deviceType": "N",
    "merchantNumber": "0000000000000001",
    "operator": "ECOM",
    "primaryGroup": "",
    "register": "REGISTER",
    "secondaryGroup": ""
  },
  "applicantData": {
    "accountNumberDigits": "",
    "address1": "4307 14RM ST11",
    "alternatePhoneContact": "",
    "annualRevenue": "10000",
    "applicantEmailAddress": "",
    "applicantIncome": "2000",
    "applicationSignedCode": "",
    "authBuyer": [
       
    ],
    "authMemberNumber": [ 
      
    ],
    "authRepName": "",
    "authRepPhotoIDExp": "",
    "authRepPhotoIDState": "",
    "authRepSecondaryIDExp": "",
    "authRepSecondaryIDNumber": "",
    "authRepSecondaryIDState": "",
    "authorizationCardReq": [
      "1"          
     
    ],
    "authorizedSsn": [
     "123456789"
 
               
    ],
    "bankAddress": "",
    "bankCardNo": "",
    "bankCardType": "",
    "bankCity": "",
    "bankName": "",
    "bankPhoneExt": "",
    "bankState": "",
    "bankZipcode": "",
    "billingAddress1": "",
    "billingAddress2": "",
    "billingCity": "",
    "billingContact": "DSSIM TEST CASE",
    "billingFaxExt": "",
    "billingPhoneNo": "1236547896",
    "billingState": "NY",
    "billingZip": "",
    "bureauPhoneNumber": "",
    "businessPhone": "",
    "businessPhoneEx": "",
    "businessSicCode": "",
    "businessStartedMonth": "",
    "businessTitle": "",
    "businessTypeCode": "1",
    "checkingAccountNumber": "",
    "city": "URBANDALE",
    "comment": [
     ""
    ],
    "companyAddress1": "1887 VICTORY BLVD",
    "companyAddress2": "",
    "companyCity": "STATEN ISLAND",
    "companyFaxNo": "123654",
    "companyName": "SHAMROCK VB INC1",
    "companyPhNo": "7189811616",
    "companyState": "NY",
    "companyZip": "10314555551",
    "creditLineRequested": "50791",
    "dateOfBirth": "19720101",
    "debtCancelFlag": "",
    "doingBusinessAs": "Corporation",
    "dunBradstreet": "",
    "edmDateReceived": "",
    "emailAddress": "",
    "emailOptIn": "N",
    "experianNumber": "",
    "fax": "1236566767",
    "firstName": "JOHN",
    "foreignLanguageIndicator": "N",
    "genContractAddress": "1887 VICTORY BLVD",
    "genContractCity": "",
    "genContractName": "123qweryJOHN-.!@#$*&amp;",
    "genContractNumber": "1236541236",
    "genContractPhone": "1236547896",
    "genContractState": "NY",
    "genContractZip": "12365478",
    "homePhone": "7189811618",
    "imageDocument": "",
    "inBusinessSince": "1972",
    "lastName": "PPQFZYY1",
    "masterAccountNumber": "",
    "nameMiddle": "",
    "nameSuffix": "",
    "newConstruction": "",
    "noOfCards": "",
    "numberOfEmployees": "123654",
    "ownerAddress": "",
    "ownerCity": "",
    "ownerName": "",
    "ownerPhone": "",
    "ownerState": "",
    "ownerZip": "",
    "parentAddress1": "",
    "parentCity": "",
    "parentCompanyName": "",
    "parentExt": "",
    "parentFaxNo": "",
    "parentOrgAddress2": "",
    "parentPhoneNo": "",
    "parentState": "",
    "parentZip": "",
    "passCode": "",
    "poNumberReq": "",
    "primaryBankName": "",
    "primaryBankPhoneNo": "",
    "primaryIdNumber": "",
    "privateGuarantorFlag": "",
    "productCode": "",
    "productType": "",
    "projectAddress": "",
    "projectCity": "",
    "projectName": "",
    "projectState": "",
    "projectZip": "",
    "promoCode": "",
    "promoTrackingCode": "",
    "queueIndFL": "Y",
    "salesPersonNo": "",
    "singleSaleLimit": "",
    "siteCode": "",
    "socialSecurityNumber": "123459867",
    "sourceCode": "Y",
    "specialProcessingCode": "",
    "specialPurchaseInstructions": "",
    "ssnOverrideFlag": "Y",
    "state": "IA",
    "taxExemptFlag": "Y",
    "taxNumber": "123456789",
    "title": "",
    "trade1Name": "",
    "trade1PhoneNo": "",
    "trade2Name": "",
    "trade2PhoneNo": "",
    "trade3Name": "",
    "trade3PhoneNo": "",
    "trade4Name": "",
    "trade4PhoneNo": "",
    "tradeRef1PhoneExt": "",
    "userIp": "10.2.36.3.20",
    "zipCode": "50322",	
	
	"beneficialOwners": {
	 "ssn": "",
      "state": "TS",
      "title": "MR",
      "usCitizen": "Y",
      "zip": "123654789",
      "city":"AKhyu78ioklmnbvcdfrtgy67uj",
      "countryCode": "ABC",
      "countryIssuance": "HKK",
      "dob": "06051991",
     "expiryDate": "06052019",
      "firstName": "Reddyy",
      "homeAddress": "Birlasoft",
      "identityNo": "1236547896",
      "issueDate": "06052018",
      "lastName": "Madhu",
      "legalDesc": "Hello",
      "middleName": "s",
      "ownerIndicator": "CP",
      "ownershipData": [
     {
	  "ssn": "123456789",
      "state": "TS",    
      "usCitizen": "Y",
      "zip": "123654789",
      "city":"AK",
      "countryCode": "abc",
      "countryIssuance": "ABC",
      "dob": "06051991",
     "expiryDate": "06052019",
      "firstName": "Reddy",
      "homeAddress": "Birlasoft",
      "identityNo": "1236547896",
      "issueDate": "06052018",
      "lastName": "Madhu",
      "legalDesc": "Hello",
      "middleName": "k",
      "ownerIndicator": "OP"}
      
      ]
      
      
    }

  }
  
}
</con:request><con:originalUri>https://vqlextraapda02.prvcld.syfbank.com/CMLApplyWebService-1.0/v1/cmlapply</con:originalUri><con:credentials><con:authType>No Authorization</con:authType></con:credentials><con:jmsConfig JMSDeliveryMode="PERSISTENT"/><con:jmsPropertyConfig/><con:parameters/></con:request></con:method></con:resource></con:interface><con:interface xsi:type="con:RestService" id="1d935df6-b3ec-4ece-a077-f244a11285fd" wadlVersion="http://wadl.dev.java.net/2009/02" name="https://vqlbusappapda01.prvcld.syfbank.com:7002" type="rest" xmlns:xsi="http://www.w3.org/2001/XMLSchema-instance"><con:settings/><con:definitionCache/><con:endpoints><con:endpoint>https://vqlbusappapda01.prvcld.syfbank.com:7002</con:endpoint></con:endpoints><con:resource name="Cmlpolling" path="/CMLApplyWebService-1.0/v1/cmlpolling" id="bda01b9a-eece-43ab-b8d8-d85e095f46c4"><con:settings/><con:parameters/><con:method name="Cmlpolling 1" id="4903a35a-89b3-418f-9f4e-e19e8639d136" method="POST"><con:settings/><con:parameters/><con:representation type="RESPONSE"><con:mediaType>application/json;charset=UTF-8</con:mediaType><con:status>200</con:status><con:params/><con:element xmlns:cml="https://vqlbusappapda01.prvcld.syfbank.com/CMLApplyWebService-1.0/v1/cmlpolling">cml:Response</con:element></con:representation><con:representation type="REQUEST"><con:mediaType>application/json</con:mediaType><con:params/></con:representation><con:request name="Request 1" id="3b3e472a-6af4-4ae2-ad19-a632995dc1de" mediaType="application/json" postQueryString="false"><con:settings><con:setting id="com.eviware.soapui.impl.wsdl.WsdlRequest@request-headers">&lt;xml-fragment/></con:setting></con:settings><con:endpoint>https://vqlbusappapda01.prvcld.syfbank.com:7002</con:endpoint><con:request>{
"merchantData": {
    "clientData": "asdfrtyhuji8y",
    "clientId": "lowes brc",
    "country": "US",
    "deviceType": "D",
    "merchantNumber": "0000000000000001",
    "operator": "ECOM",
    "primaryGroup": "ab1",
    "register": "REGISTER",
    "secondaryGroup": "1ab"
  },
  "pollingData":
  {
  	"keyCode":"BACJ27"
  }
}
</con:request><con:originalUri>https://vqlbusappapda01.prvcld.syfbank.com/CMLApplyWebService-1.0/v1/cmlpolling</con:originalUri><con:credentials><con:authType>No Authorization</con:authType></con:credentials><con:jmsConfig JMSDeliveryMode="PERSISTENT"/><con:jmsPropertyConfig/><con:parameters/></con:request></con:method></con:resource></con:interface><con:interface xsi:type="con:RestService" id="276a2d92-6366-4d37-a811-d39eec46e7e8" wadlVersion="http://wadl.dev.java.net/2009/02" name="https://vqlbusappapda01.prvcld.syfbank.com:7002" type="rest" xmlns:xsi="http://www.w3.org/2001/XMLSchema-instance"><con:settings/><con:definitionCache/><con:endpoints><con:endpoint>https://businessapplyapp-qa.prvcld.syfbank.com</con:endpoint></con:endpoints><con:resource name="Cmlapply" path="/CMLApplyWebService-1.0/v1/cmlapply" id="ea6ed768-c3f1-4dbc-86dd-f707e904a8d6"><con:settings/><con:parameters/><con:method name="Cmlapply 1" id="dc2671aa-2ebe-4d5a-89e6-7746c9d20dcd" method="POST"><con:settings/><con:parameters/><con:representation type="FAULT"><con:mediaType>text/html;charset=utf-8</con:mediaType><con:status>404</con:status><con:params/><con:element>html</con:element></con:representation><con:representation type="REQUEST"><con:mediaType>application/json</con:mediaType><con:params/></con:representation><con:request name="Request 1" id="81f2ff3e-5c9b-44f9-bfd0-05bd60a641ae" mediaType="application/json" postQueryString="false"><con:settings><con:setting id="com.eviware.soapui.impl.wsdl.WsdlRequest@request-headers">&lt;xml-fragment/></con:setting></con:settings><con:endpoint>https://businessapplyapp-qa.prvcld.syfbank.com</con:endpoint><con:request>{
"merchantData": {
    "clientData": "",
    "clientId": "lowes brc",
    "country": "US",
    "deviceType": "N",
    "merchantNumber": "0000000000000001",
    "operator": "ECOM",
    "primaryGroup": "",
    "register": "REGISTER",
    "secondaryGroup": ""
  },
  "applicantData": {
    "accountNumberDigits": "",
    "address1": "4307 14RM ST11",
    "alternatePhoneContact": "",
    "annualRevenue": "10000",
    "applicantEmailAddress": "",
    "applicantIncome": "2000",
    "applicationSignedCode": "",
    "authBuyer": [
       
    ],
    "authMemberNumber": [ 
      
    ],
    "authRepName": "",
    "authRepPhotoIDExp": "",
    "authRepPhotoIDState": "",
    "authRepSecondaryIDExp": "",
    "authRepSecondaryIDNumber": "",
    "authRepSecondaryIDState": "",
    "authorizationCardReq": [
      "1"          
     
    ],
    "authorizedSsn": [
     "123456789"
 
               
    ],
    "bankAddress": "",
    "bankCardNo": "",
    "bankCardType": "",
    "bankCity": "",
    "bankName": "",
    "bankPhoneExt": "",
    "bankState": "",
    "bankZipcode": "",
    "billingAddress1": "",
    "billingAddress2": "",
    "billingCity": "",
    "billingContact": "DSSIM TEST CASE",
    "billingFaxExt": "",
    "billingPhoneNo": "1236547896",
    "billingState": "NY",
    "billingZip": "",
    "bureauPhoneNumber": "",
    "businessPhone": "",
    "businessPhoneEx": "",
    "businessSicCode": "",
    "businessStartedMonth": "",
    "businessTitle": "",
    "businessTypeCode": "1",
    "checkingAccountNumber": "",
    "city": "URBANDALE",
    "comment": [
     ""
    ],
    "companyAddress1": "1887 VICTORY BLVD",
    "companyAddress2": "",
    "companyCity": "STATEN ISLAND",
    "companyFaxNo": "123654",
    "companyName": "SHAMROCK VB INC1",
    "companyPhNo": "7189811616",
    "companyState": "NY",
    "companyZip": "10314555551",
    "creditLineRequested": "50791",
    "dateOfBirth": "19720101",
    "debtCancelFlag": "",
    "doingBusinessAs": "Corporation",
    "dunBradstreet": "",
    "edmDateReceived": "",
    "emailAddress": "",
    "emailOptIn": "N",
    "experianNumber": "",
    "fax": "1236566767",
    "firstName": "JOHN",
    "foreignLanguageIndicator": "N",
    "genContractAddress": "1887 VICTORY BLVD",
    "genContractCity": "",
    "genContractName": "123qweryJOHN-.!@#$*&amp;",
    "genContractNumber": "1236541236",
    "genContractPhone": "1236547896",
    "genContractState": "NY",
    "genContractZip": "12365478",
    "homePhone": "7189811618",
    "imageDocument": "",
    "inBusinessSince": "1972",
    "lastName": "PPQFZYY1",
    "masterAccountNumber": "",
    "nameMiddle": "",
    "nameSuffix": "",
    "newConstruction": "",
    "noOfCards": "",
    "numberOfEmployees": "123654",
    "ownerAddress": "",
    "ownerCity": "",
    "ownerName": "",
    "ownerPhone": "",
    "ownerState": "",
    "ownerZip": "",
    "parentAddress1": "",
    "parentCity": "",
    "parentCompanyName": "",
    "parentExt": "",
    "parentFaxNo": "",
    "parentOrgAddress2": "",
    "parentPhoneNo": "",
    "parentState": "",
    "parentZip": "",
    "passCode": "",
    "poNumberReq": "",
    "primaryBankName": "",
    "primaryBankPhoneNo": "",
    "primaryIdNumber": "",
    "privateGuarantorFlag": "",
    "productCode": "",
    "productType": "",
    "projectAddress": "",
    "projectCity": "",
    "projectName": "",
    "projectState": "",
    "projectZip": "",
    "promoCode": "",
    "promoTrackingCode": "",
    "queueIndFL": "Y",
    "salesPersonNo": "",
    "singleSaleLimit": "",
    "siteCode": "",
    "socialSecurityNumber": "123459867",
    "sourceCode": "Y",
    "specialProcessingCode": "",
    "specialPurchaseInstructions": "",
    "ssnOverrideFlag": "Y",
    "state": "IA",
    "taxExemptFlag": "Y",
    "taxNumber": "123456789",
    "title": "",
    "trade1Name": "",
    "trade1PhoneNo": "",
    "trade2Name": "",
    "trade2PhoneNo": "",
    "trade3Name": "",
    "trade3PhoneNo": "",
    "trade4Name": "",
    "trade4PhoneNo": "",
    "tradeRef1PhoneExt": "",
    "userIp": "10.2.36.3.20",
    "zipCode": "50322",	
	
	"beneficialOwners": {
	 "ssn": "",
      "state": "TS",
      "title": "MR",
      "usCitizen": "Y",
      "zip": "123654789",
      "city":"AKhyu78ioklmnbvcdfrtgy67uj",
      "countryCode": "ABC",
      "countryIssuance": "HKK",
      "dob": "06051991",
     "expiryDate": "06052019",
      "firstName": "Reddyy",
      "homeAddress": "Birlasoft",
      "identityNo": "1236547896",
      "issueDate": "06052018",
      "lastName": "Madhu",
      "legalDesc": "Hello",
      "middleName": "s",
      "ownerIndicator": "CP",
      "ownershipData": [
     {
	  "ssn": "123456789",
      "state": "TS",    
      "usCitizen": "Y",
      "zip": "123654789",
      "city":"AK",
      "countryCode": "abc",
      "countryIssuance": "ABC",
      "dob": "06051991",
     "expiryDate": "06052019",
      "firstName": "Reddy",
      "homeAddress": "Birlasoft",
      "identityNo": "1236547896",
      "issueDate": "06052018",
      "lastName": "Madhu",
      "legalDesc": "Hello",
      "middleName": "k",
      "ownerIndicator": "OP"}
      
      ]
      
      
    }

  }
  
}
</con:request><con:originalUri>https://vqlbusappapda01.prvcld.syfbank.com/CMLApplyWebService-1.0/v1/cmlapply</con:originalUri><con:credentials><con:authType>No Authorization</con:authType></con:credentials><con:jmsConfig JMSDeliveryMode="PERSISTENT"/><con:jmsPropertyConfig/><con:parameters/></con:request></con:method></con:resource></con:interface><con:interface xsi:type="con:RestService" id="55c7e392-64c1-4a3b-bd77-0faadd2e2513" wadlVersion="http://wadl.dev.java.net/2009/02" name="https://businessapplyapp-qa.prvcld.syfbank.com" type="rest" xmlns:xsi="http://www.w3.org/2001/XMLSchema-instance"><con:settings/><con:definitionCache/><con:endpoints><con:endpoint>https://businessapplyapp-qa.prvcld.syfbank.com</con:endpoint></con:endpoints><con:resource name="Cmlapply" path="/cmlservices/v1/cmlapply" id="8cfcd6c6-8b59-4100-bc23-3c9b0c1fe786"><con:settings/><con:parameters/><con:method name="Cmlapply 1" id="5822cdb9-c8c7-476b-a4b3-3c87453c122a" method="POST"><con:settings/><con:parameters/><con:representation type="RESPONSE"><con:mediaType>application/json;charset=UTF-8</con:mediaType><con:status>200</con:status><con:params/><con:element xmlns:cml="https://businessapplyapp-qa.prvcld.syfbank.com/cmlservices/v1/cmlapply">cml:Response</con:element></con:representation><con:representation type="REQUEST"><con:mediaType>application/json</con:mediaType><con:params/></con:representation><con:request name="Request 1" id="a19da97b-c0e5-4ce5-ae63-5fe924247f21" mediaType="application/json" postQueryString="false"><con:settings><con:setting id="com.eviware.soapui.impl.wsdl.WsdlRequest@request-headers">&lt;xml-fragment/></con:setting></con:settings><con:endpoint>https://businessapplyapp-qa.prvcld.syfbank.com</con:endpoint><con:request>{
"merchantData": {
    "clientData": "",
    "clientId": "lowes brc",
    "country": "US",
    "deviceType": "N",
    "merchantNumber": "0000000000000001",
    "operator": "ECOM",
    "primaryGroup": "",
    "register": "REGISTER",
    "secondaryGroup": ""
  },
  "applicantData": {
    "accountNumberDigits": "",
    "address1": "4307 14RM ST11",
    "alternatePhoneContact": "",
    "annualRevenue": "10000",
    "applicantEmailAddress": "",
    "applicantIncome": "2000",
    "applicationSignedCode": "",
    "authBuyer": [
       
    ],
    "authMemberNumber": [ 
      
    ],
    "authRepName": "",
    "authRepPhotoIDExp": "",
    "authRepPhotoIDState": "",
    "authRepSecondaryIDExp": "",
    "authRepSecondaryIDNumber": "",
    "authRepSecondaryIDState": "",
    "authorizationCardReq": [
      "1"          
     
    ],
    "authorizedSsn": [
     "123456789"
 
               
    ],
    "bankAddress": "",
    "bankCardNo": "",
    "bankCardType": "",
    "bankCity": "",
    "bankName": "",
    "bankPhoneExt": "",
    "bankState": "",
    "bankZipcode": "",
    "billingAddress1": "",
    "billingAddress2": "",
    "billingCity": "",
    "billingContact": "DSSIM TEST CASE",
    "billingFaxExt": "",
    "billingPhoneNo": "1236547896",
    "billingState": "NY",
    "billingZip": "",
    "bureauPhoneNumber": "",
    "businessPhone": "",
    "businessPhoneEx": "",
    "businessSicCode": "",
    "businessStartedMonth": "",
    "businessTitle": "",
    "businessTypeCode": "1",
    "checkingAccountNumber": "",
    "city": "URBANDALE",
    "comment": [
     ""
    ],
    "companyAddress1": "1887 VICTORY BLVD",
    "companyAddress2": "",
    "companyCity": "STATEN ISLAND",
    "companyFaxNo": "123654",
    "companyName": "SHAMROCK VB INC1",
    "companyPhNo": "7189811616",
    "companyState": "NY",
    "companyZip": "10314555551",
    "creditLineRequested": "50791",
    "dateOfBirth": "19720101",
    "debtCancelFlag": "",
    "doingBusinessAs": "Corporation",
    "dunBradstreet": "",
    "edmDateReceived": "",
    "emailAddress": "",
    "emailOptIn": "N",
    "experianNumber": "",
    "fax": "1236566767",
    "firstName": "JOHN",
    "foreignLanguageIndicator": "N",
    "genContractAddress": "1887 VICTORY BLVD",
    "genContractCity": "",
    "genContractName": "123qweryJOHN-.!@#$*&amp;",
    "genContractNumber": "1236541236",
    "genContractPhone": "1236547896",
    "genContractState": "NY",
    "genContractZip": "12365478",
    "homePhone": "7189811618",
    "imageDocument": "",
    "inBusinessSince": "1972",
    "lastName": "PPQFZYY1",
    "masterAccountNumber": "",
    "nameMiddle": "",
    "nameSuffix": "",
    "newConstruction": "",
    "noOfCards": "",
    "numberOfEmployees": "123654",
    "ownerAddress": "",
    "ownerCity": "",
    "ownerName": "",
    "ownerPhone": "",
    "ownerState": "",
    "ownerZip": "",
    "parentAddress1": "",
    "parentCity": "",
    "parentCompanyName": "",
    "parentExt": "",
    "parentFaxNo": "",
    "parentOrgAddress2": "",
    "parentPhoneNo": "",
    "parentState": "",
    "parentZip": "",
    "passCode": "",
    "poNumberReq": "",
    "primaryBankName": "",
    "primaryBankPhoneNo": "",
    "primaryIdNumber": "",
    "privateGuarantorFlag": "",
    "productCode": "",
    "productType": "",
    "projectAddress": "",
    "projectCity": "",
    "projectName": "",
    "projectState": "",
    "projectZip": "",
    "promoCode": "",
    "promoTrackingCode": "",
    "queueIndFL": "Y",
    "salesPersonNo": "",
    "singleSaleLimit": "",
    "siteCode": "",
    "socialSecurityNumber": "123459867",
    "sourceCode": "Y",
    "specialProcessingCode": "",
    "specialPurchaseInstructions": "",
    "ssnOverrideFlag": "Y",
    "state": "IA",
    "taxExemptFlag": "Y",
    "taxNumber": "123456789",
    "title": "",
    "trade1Name": "",
    "trade1PhoneNo": "",
    "trade2Name": "",
    "trade2PhoneNo": "",
    "trade3Name": "",
    "trade3PhoneNo": "",
    "trade4Name": "",
    "trade4PhoneNo": "",
    "tradeRef1PhoneExt": "",
    "userIp": "10.2.36.3.20",
    "zipCode": "50322",	
	
	"beneficialOwners": {
	 "ssn": "",
      "state": "TS",
      "title": "MRGY67YUIO98UIO9IKO9",
      "usCitizen": "Y",
      "zip": "123654789",
      "city":"AK",
      "countryCode": "ABC",
      "countryIssuance": "HKK",
      "dob": "06051991",
     "expiryDate": "06052019",
      "firstName": "Reddy",
      "homeAddress": "Birlasoft",
      "identityNo": "1236547896",
      "issueDate": "06052018",
      "lastName": "Madhu",
      "legalDesc": "Hello",
      "middleName": "P",
      "ownerIndicator": "CP",
      "ownershipData": [
     {
	  "ssn": "123456789",
      "state": "TS",    
      "usCitizen": "Y",
      "zip": "123654789",
      "city":"AK",
      "countryCode": "abc",
      "countryIssuance": "ABC",
      "dob": "06051991",
     "expiryDate": "06052019",
      "firstName": "Reddy",
      "homeAddress": "Birlasoft",
      "identityNo": "1236547896",
      "issueDate": "06052018",
      "lastName": "Madhu",
      "legalDesc": "Hello",
      "middleName": "K",
      "ownerIndicator": "OP"}
      
      ]
      
      
    }

  }
  
}
</con:request><con:originalUri>https://businessapplyapp-qa.prvcld.syfbank.com/cmlservices/v1/cmlapply</con:originalUri><con:credentials><con:authType>No Authorization</con:authType></con:credentials><con:jmsConfig JMSDeliveryMode="PERSISTENT"/><con:jmsPropertyConfig/><con:parameters/></con:request></con:method></con:resource></con:interface><con:testSuite id="2e5945fa-05b6-4b4f-b7c7-e517742caea1" name="TestSuite"><con:settings/><con:runType>SEQUENTIAL</con:runType><con:testCase id="b52387a2-b149-4ecd-b3f7-aa5b4bce5ad0" failOnError="true" failTestCaseOnErrors="true" keepSession="false" maxResults="0" name="TestCase" searchProperties="true"><con:settings/><con:testStep type="restrequest" name="BRC" id="341216d2-b183-4be0-8cde-4a87d7d856a6"><con:settings/><con:config service="https://vqlextraapda02.prvcld.syfbank.com:7002" methodName="Cmlapply" resourcePath="/CMLApplyWebService-1.0/v1/cmlapply" xsi:type="con:RestRequestStep" xmlns:xsi="http://www.w3.org/2001/XMLSchema-instance"><con:restRequest name="BRC" id="490f8b84-bb74-4489-ac06-010b8c3434dc" mediaType="application/json" postQueryString="false"><con:settings><con:setting id="com.eviware.soapui.impl.wsdl.WsdlRequest@request-headers">&lt;xml-fragment/></con:setting></con:settings><con:encoding>UTF-8</con:encoding><con:endpoint>https://vqlextraapda02.prvcld.syfbank.com:7002</con:endpoint><con:request>{
"merchantData": {
    "clientData": "${#TestSuite#clientData}",
    "clientId": "${#TestSuite#clientId}",
    "country": "${#TestSuite#country}",
    "deviceType": "${#TestSuite#deviceType}",
    "merchantNumber": "${#TestSuite#merchantNumber}",
    "operator": "${#TestSuite#operator}",
    "primaryGroup": "${#TestSuite#primaryGroup}",
    "register": "${#TestSuite#register}",
    "secondaryGroup": "${#TestSuite#secondaryGroup}"
  },
  "applicantData": {
    "accountNumberDigits": "${#TestSuite#accountNumberDigits}",
    "address1": "${#TestSuite#address1}",
    "alternatePhoneContact": "${#TestSuite#alternatePhoneContact}",
    "annualRevenue": "${#TestSuite#annualRevenue}",
    "applicantEmailAddress": "${#TestSuite#applicantEmailAddress}",
    "applicantIncome": "${#TestSuite#applicantIncome}",
    "applicationSignedCode": "${#TestSuite#applicationSignedCode}",
    "authBuyer": [${#TestSuite#authBuyer}
    
    ],
    "authMemberNumber": ["${#TestSuite#authMemberNumber}"
      
    ],
    "authRepName": "${#TestSuite#authRepName}",
    "authRepPhotoIDExp": "${#TestSuite#authRepPhotoIDExp}",
    "authRepPhotoIDState": "${#TestSuite#authRepPhotoIDState}",
    "authRepSecondaryIDExp": "${#TestSuite#authRepSecondaryIDExp}",
    "authRepSecondaryIDNumber": "${#TestSuite#authRepSecondaryIDNumber}",
    "authRepSecondaryIDState": "${#TestSuite#authRepSecondaryIDState}",
    "authorizationCardReq": [${#TestSuite#authorizationCardReq}
     
    ],
    "authorizedSsn": ["${#TestSuite#authorizedSsn}"
      
      
    ],
    "bankAddress": "${#TestSuite#bankAddress}",
    "bankCardNo": "${#TestSuite#bankCardNo}",
    "bankCardType": "${#TestSuite#bankCardType}",
    "bankCity": "${#TestSuite#bankCity}",
    "bankName": "${#TestSuite#bankName}",
    "bankPhoneExt": "${#TestSuite#bankPhoneExt}",
    "bankState": "${#TestSuite#bankState}",
    "bankZipcode": "${#TestSuite#bankZipcode}",
    "billingAddress1": "${#TestSuite#billingAddress1}",
    "billingAddress2": "${#TestSuite#billingAddress2}",
    "billingCity": "${#TestSuite#billingCity}",
    "billingContact": "${#TestSuite#billingContact}",
    "billingFaxExt": "${#TestSuite#billingFaxExt}",
    "billingPhoneNo": "${#TestSuite#billingPhoneNo}",
    "billingState": "${#TestSuite#billingState}",
    "billingZip": "${#TestSuite#billingZip}",
    "bureauPhoneNumber": "${#TestSuite#bureauPhoneNumber}",
    "businessPhone": "${#TestSuite#businessPhone}",
    "businessPhoneEx": "${#TestSuite#businessPhoneEx}",
    "businessSicCode": "${#TestSuite#businessSicCode}",
    "businessStartedMonth": "${#TestSuite#businessStartedMonth}",
    "businessTitle": "${#TestSuite#businessTitle}",
    "businessTypeCode": "${#TestSuite#businessTypeCode}",
    "checkingAccountNumber": "${#TestSuite#checkingAccountNumber}",
    "city": "${#TestSuite#city}",
    "comment": ["${#TestSuite#comment}"
      
    ],
    "companyAddress1": "${#TestSuite#companyAddress1}",
    "companyAddress2": "${#TestSuite#companyAddress2}",
    "companyCity": "${#TestSuite#companyCity}",
    "companyFaxNo": "${#TestSuite#companyFaxNo}",
    "companyName": "${#TestSuite#companyName}",
    "companyPhNo": "${#TestSuite#companyPhNo}",
    "companyState": "${#TestSuite#companyState}",
    "companyZip": "${#TestSuite#companyZip}",
    "creditLineRequested": "${#TestSuite#creditLineRequested}",
    "dateOfBirth": "${#TestSuite#dateOfBirth}",
    "debtCancelFlag": "${#TestSuite#debtCancelFlag}",
    "doingBusinessAs": "${#TestSuite#doingBusinessAs}",
    "dunBradstreet": "${#TestSuite#dunBradstreet}",
    "edmDateReceived": "${#TestSuite#edmDateReceived}",
    "emailAddress": "${#TestSuite#emailAddress}",
    "emailOptIn": "${#TestSuite#emailOptIn}",
    "experianNumber": "${#TestSuite#experianNumber}",
    "fax": "${#TestSuite#fax}",
    "firstName": "${#TestSuite#firstName}",
    "foreignLanguageIndicator": "${#TestSuite#foreignLanguageIndicator}",
    "genContractAddress": "${#TestSuite#genContractAddress}",
    "genContractCity": "${#TestSuite#genContractCity}",
    "genContractName": "${#TestSuite#genContractName}",
    "genContractNumber": "${#TestSuite#genContractNumber}",
    "genContractPhone": "${#TestSuite#genContractPhone}",
    "genContractState": "${#TestSuite#genContractState}",
    "genContractZip": "${#TestSuite#genContractZip}",
    "homePhone": "${#TestSuite#homePhone}",
    "imageDocument": "${#TestSuite#imageDocument}",
    "inBusinessSince": "${#TestSuite#inBusinessSince}",
    "lastName": "${#TestSuite#lastName}",
    "masterAccountNumber": "${#TestSuite#masterAccountNumber}",
    "nameMiddle": "${#TestSuite#nameMiddle}",
    "nameSuffix": "${#TestSuite#nameSuffix}",
    "newConstruction": "${#TestSuite#newConstruction}",
    "noOfCards": "${#TestSuite#noOfCards}",
    "numberOfEmployees": "${#TestSuite#numberOfEmployees}",
    "ownerAddress": "${#TestSuite#ownerAddress}",
    "ownerCity": "${#TestSuite#ownerCity}",
    "ownerName": "${#TestSuite#ownerName}",
    "ownerPhone": "${#TestSuite#ownerPhone}",
    "ownerState": "${#TestSuite#ownerState}",
    "ownerZip": "${#TestSuite#ownerZip}",
    "parentAddress1": "${#TestSuite#parentAddress1}",
    "parentCity": "${#TestSuite#parentCity}",
    "parentCompanyName": "${#TestSuite#parentCompanyName}",
    "parentExt": "${#TestSuite#parentExt}",
    "parentFaxNo": "${#TestSuite#parentFaxNo}",
    "parentOrgAddress2": "${#TestSuite#parentOrgAddress2}",
    "parentPhoneNo": "${#TestSuite#parentPhoneNo}",
    "parentState": "${#TestSuite#parentState}",
    "parentZip": "${#TestSuite#parentZip}",
    "passCode": "${#TestSuite#passCode}",
    "poNumberReq": "${#TestSuite#poNumberReq}",
    "primaryBankName": "${#TestSuite#primaryBankName}",
    "primaryBankPhoneNo": "${#TestSuite#primaryBankPhoneNo}",
    "primaryIdNumber": "${#TestSuite#primaryIdNumber}",
    "privateGuarantorFlag": "${#TestSuite#privateGuarantorFlag}",
    "productCode": "${#TestSuite#productCode}",
    "productType": "${#TestSuite#productType}",
    "projectAddress": "${#TestSuite#projectAddress}",
    "projectCity": "${#TestSuite#projectCity}",
    "projectName": "${#TestSuite#projectName}",
    "projectState": "${#TestSuite#projectState}",
    "projectZip": "${#TestSuite#projectZip}",
    "promoCode": "${#TestSuite#promoCode}",
    "promoTrackingCode": "${#TestSuite#promoTrackingCode}",
    "queueIndFL": "${#TestSuite#queueIndFL}",
    "salesPersonNo": "${#TestSuite#salesPersonNo}",
    "singleSaleLimit": "${#TestSuite#singleSaleLimit}",
    "siteCode": "${#TestSuite#siteCode}",
    "socialSecurityNumber": "${#TestSuite#socialSecurityNumber}",
    "sourceCode": "${#TestSuite#sourceCode}",
    "specialProcessingCode": "${#TestSuite#specialProcessingCode}",
    "specialPurchaseInstructions": "${#TestSuite#specialPurchaseInstructions}",
    "ssnOverrideFlag": "${#TestSuite#ssnOverrideFlag}",
    "state": "${#TestSuite#state}",
    "taxExemptFlag": "${#TestSuite#taxExemptFlag}",
    "taxNumber": "${#TestSuite#taxNumber}",
    "title": "${#TestSuite#title}",
    "trade1Name": "${#TestSuite#trade1Name}",
    "trade1PhoneNo": "${#TestSuite#trade1PhoneNo}",
    "trade2Name": "${#TestSuite#trade2Name}",
    "trade2PhoneNo": "${#TestSuite#trade2PhoneNo}",
    "trade3Name": "${#TestSuite#trade3Name}",
    "trade3PhoneNo": "${#TestSuite#trade3PhoneNo}",
    "trade4Name": "${#TestSuite#trade4Name}",
    "trade4PhoneNo": "${#TestSuite#trade4PhoneNo}",
    "tradeRef1PhoneExt": "${#TestSuite#tradeRef1PhoneExt}",
    "userIp": "${#TestSuite#userIp}",
    "zipCode": "${#TestSuite#zipCode}"
	
	"beneficialOwners": {
	 "ssn": "${#TestSuite#ssn_beneficial}",
      "state": "${#TestSuite#state_beneficial}",
      "title": "${#TestSuite#title_beneficial}",
      "usCitizen": "${#TestSuite#usCitizen_beneficial}",
      "zip": "${#TestSuite#zip_beneficial}",
      "city":"${#TestSuite#city_beneficial}",
      "countryCode": "${#TestSuite#countryCode_beneficial}",
      "countryIssuance": "${#TestSuite#countryIssuance_beneficial}",
      "dob": "${#TestSuite#dob_beneficial}",
      "expiryDate": "${#TestSuite#expiryDate_beneficial}",
      "firstName": "${#TestSuite#firstName_beneficial}",
      "homeAddress": "${#TestSuite#homeAddress_beneficial}",
      "identityNo": "${#TestSuite#identityNo_beneficial}",
      "issueDate": "${#TestSuite#issueDate_beneficial}",
      "lastName": "${#TestSuite#lastName_beneficial}",
      "legalDesc": "${#TestSuite#legalDesc_beneficial}",
      "middleName": "${#TestSuite#middleName_beneficial}",
      "ownerIndicator": "${#TestSuite#ownerIndicator_beneficial}",
      "ownershipData": [
     {
	  "ssn": "${#TestSuite#ssn_Owner}",
      "state": "${#TestSuite#state_Owner}",    
      "usCitizen": "${#TestSuite#usCitizen_Owner}",
      "zip": "${#TestSuite#zip_Owner}",
      "city":"${#TestSuite#city_Owner}",
      "countryCode": "${#TestSuite#countryCode_Owner}",
      "countryIssuance": "${#TestSuite#countryIssuance_Owner}",
      "dob": "${#TestSuite#dob_Owner}",
      "expiryDate": "${#TestSuite#expiryDate_Owner}",
      "firstName": "${#TestSuite#firstName_Owner}",
      "homeAddress": "${#TestSuite#homeAddress_Owner}",
      "identityNo": "${#TestSuite#identityNo_Owner}",
      "issueDate": "${#TestSuite#issueDate_Owner}",
      "lastName": "${#TestSuite#lastName_Owner}",
      "legalDesc": "${#TestSuite#legalDesc_Owner}",
      "middleName": "${#TestSuite#middleName_Owner}",
      "ownerIndicator": "${#TestSuite#ownerIndicator_Owner}"
	 }
      ]
      
      
    }

 }
  
}</con:request><con:originalUri>https://vqlextraapda02.prvcld.syfbank.com/CMLApplyWebService-1.0/v1/cmlapply</con:originalUri><con:credentials><con:authType>No Authorization</con:authType></con:credentials><con:jmsConfig JMSDeliveryMode="PERSISTENT"/><con:jmsPropertyConfig/><con:parameters/></con:restRequest></con:config></con:testStep><con:testStep type="groovy" name="MainScript" id="afd728c5-d8b7-483d-b31f-47d26875002d"><con:settings/><con:config><script>/*
@Author: Arun T S
@Description: To send the REST Request and to read the REST Response using Groovy Script
*/
// ***************Defining all the library files here****************//
import jxl.*;                                                       
import jxl.write.*;
import groovy.json.JsonSlurper
import java.util.Date;
import java.lang.*;
import java.io.*;
import jxl.read.biff.BiffException;
import jxl.format.Colour;
import jxl.format.Pattern;
import jxl.write.WritableCellFormat;
import jxl.write.WritableFont;
import jxl.write.WritableSheet;
import jxl.write.WritableWorkbook;
import jxl.write.WriteException;
import com.eviware.soapui.support.XmlHolder
import com.eviware.soapui.impl.wsdl.teststeps.WsdlTestStepResult;  
// ***************Defining all the variables here****************//

def Execution_Flag
def clientData
def clientId
def country
def deviceType
def merchantNumber
def operator
def primaryGroup
def register
def secondaryGroup
def accountNumberDigits
def address1
def alternatePhoneContact
def edmDateReceived





// ***************Check whether excel file is exists****************//
File datasheet = new File("H:/BRCServices/InputSheet/BrcInputDataSheet.xls")
if (datasheet.exists())
{
   log.info("File Exist")
}
else
{
   log.info("File Not Found")
}

// ************************Open the Excel file*************************//
Workbook workbook = Workbook.getWorkbook(new File("H:/BRCServices/InputSheet/BrcInputDataSheet.xls"))
def wooksheet = workbook.getSheet(0)

def obj1 = context.obj 
                
// ***************creating a Results copy to save Outputs***************//
def time = (new Date().format("yyyy-MM-dd-HH-mm-ss"))
String fileName = "H:/BRCServices/Results/BRCServicesResponse_"+time+".xls"
File file = new File(fileName);
file.renameTo(fileName)

WritableWorkbook copy = Workbook.createWorkbook(new File(fileName),workbook)
WritableSheet sheet2 = copy.getSheet(0); 

// ****************************** Taking the Total Number of rows and columns******************************//
EndRowCount = wooksheet.getRows()
log.info "Total Number of Rows Count--> " + EndRowCount
TotalCol = wooksheet.getColumns();
log.info "Total Number of Columns Count--> " + TotalCol

for (i=1; i&lt;EndRowCount; i++)
{
                Execution_Flag = workbook.getSheet(0).getCell(164,i).getContents()                      // Checking the Execution flag
                log.info ("Execution_Flag =" +Execution_Flag)
                if(Execution_Flag.equalsIgnoreCase('Y'))
                {
                               // loading Values from Excel (A1) to TestSuite properties for REST Request

          clientData=workbook.getSheet(0).getCell(2,i).getContents()             
                                testRunner.testCase.testSuite.setPropertyValue("clientData",clientData) 
                                log.info("clientData Is:" + clientData)
                                clientId=workbook.getSheet(0).getCell(3,i).getContents()              
                                testRunner.testCase.testSuite.setPropertyValue("clientId",clientId)          
                                log.info("clientId Is:" + clientId)
                                country=workbook.getSheet(0).getCell(4,i).getContents()             
                                testRunner.testCase.testSuite.setPropertyValue("country",country)         
                                log.info("country Is:" + country)
                                deviceType=workbook.getSheet(0).getCell(5,i).getContents()      
                                testRunner.testCase.testSuite.setPropertyValue("deviceType",deviceType)           
                                log.info("deviceType Is:" + deviceType)
                                merchantNumber=workbook.getSheet(0).getCell(6,i).getContents()         
                                testRunner.testCase.testSuite.setPropertyValue("merchantNumber",merchantNumber) 
                                log.info("merchantNumber Is:" + merchantNumber)
                                operator=workbook.getSheet(0).getCell(7,i).getContents()           
                                testRunner.testCase.testSuite.setPropertyValue("operator",operator)     
                                log.info("operator Is:" + operator)
                                primaryGroup=workbook.getSheet(0).getCell(8,i).getContents() 
                                testRunner.testCase.testSuite.setPropertyValue("primaryGroup",primaryGroup) 
                                log.info("primaryGroup Is:" + primaryGroup)
                                register=workbook.getSheet(0).getCell(9,i).getContents()             
                                testRunner.testCase.testSuite.setPropertyValue("register",register)         
                                log.info("register Is:" + register)
                                
                                AccStatusMessage=workbook.getSheet(0).getCell(148,i).getContents()   
                                testRunner.testCase.testSuite.setPropertyValue("AccStatusMessage",AccStatusMessage)              
                                log.info("AccStatusMessage Is:" + AccStatusMessage)

                                //testCaseType=workbook.getSheet(0).getCell(0,i).getContents()
                                //testRunner.testCase.testSuite.setPropertyValue("testCaseType",testCaseType)                               
                                //log.info("testCaseType Is: "+ testCaseType)
          
          //log.info("i:=" + i)
               def testStep = testRunner.testCase.testSteps['BRC']                         // To Execute the script using Test Step 
                                testStep.run(testRunner,context)

// **********************To get the response from the REST****************************//
                                def slurper = new JsonSlurper()
                                def response = context.expand('${BRC#Response}')
                                def jsonRes = slurper.parseText(response)
                                log.info "JSon Response Outputs"
                                log.info "*************************************************************"
                                                                                
                                log.info jsonRes.transactionId    //Reading the different attributes of Response in the Log Output()
                                log.info jsonRes.responseCode  
                                log.info jsonRes.responseText    
                                
                                
                                def transactionId1 = jsonRes. transactionId                                          // Taking the Response and Assigning to the temp variables
                                def responseCode1 = jsonRes. responseCode
                                def responseText1 = jsonRes. responseText
                                
                                Label label1 = new Label(149, i, transactionId1);                 // column=0=A,row=0=1,variable_name
                                sheet2.addCell(label1);
                                Label label2 = new Label(150, i, responseCode1);              // Writing the output values to the excel
                                sheet2.addCell(label2);
                                Label label3 = new Label(151, i, responseText1); 
                                sheet2.addCell(label3);
                                Label label4 = new Label(152, i, keyCode1); 
                                sheet2.addCell(label4); 
                                Label label5 = new Label(153, i, geccAccountNo1); 
                                sheet2.addCell(label5); 
                                  
                                //Label label14 = new Label(162, i, errorList1); 
                                //sheet2.addCell(label14);           
                                                
                                

                                if (AccStatusMessage.equalsIgnoreCase(responseText1))                                                                               // Compairing the Result values 
                                                {
                                                                Label label23 = new Label(163, i, "Passed");
                                                                sheet2.addCell(label23);
                                                }
                                else
                                                {
                                                                Label label23 = new Label(163, i, "Failed");
                                                                sheet2.addCell(label23);
                                                }                                                              
                }
                else
                {
                                continue
                                //com.eviware.soapui.support.UISupport.showInfoMessage('Execution Flay is not set to Y OR N ')
                                //break;
                }
                
}
copy.write();
copy.close();          
workbook.close()
//log.info("Response Time :" + messageExchange.getTimeTaken())

//*******************Creating the Log Function**********************************************//

def logArea = com.eviware.soapui.SoapUI.logMonitor.getLogArea("http log");
def groovyUtils = new com.eviware.soapui.support.GroovyUtils(context) 
def projectPath = "H:/BRCServices/Logs/" 
def logFile = new File(projectPath + "soapUI-Logs-file-"+time+".txt")
//This is the first line in the soapUI log file.
logFile.write("soapUI Logs In a file.\r\n")
   if( logArea !=null )
   {
      def model = logArea.model
                if( model.size > 0 )            
                 for( c in 0..(model.size-1) )         
                 logFile.append(model.getElementAt( c ).toString()+"\r\n")            
   }
com.eviware.soapui.SoapUI.logMonitor.getLogArea("SoapUI log").clear()
com.eviware.soapui.SoapUI.logMonitor.getLogArea("http log").clear()
log.info "Execution Completed"
//*******************************************************End Groovy step*******************************************************************//

com.eviware.soapui.support.UISupport.showInfoMessage('BRC Services Execution succesfully completed')

</script></con:config></con:testStep><con:properties/></con:testCase><con:properties><con:property><con:name>clientData</con:name><con:value/></con:property><con:property><con:name>clientId</con:name><con:value>lowes brc</con:value></con:property><con:property><con:name>country</con:name><con:value>US</con:value></con:property><con:property><con:name>deviceType</con:name><con:value>N</con:value></con:property><con:property><con:name>merchantNumber</con:name><con:value>0000000000000001</con:value></con:property><con:property><con:name>operator</con:name><con:value>ECOM</con:value></con:property><con:property><con:name>primaryGroup</con:name><con:value/></con:property><con:property><con:name>register</con:name><con:value>REGISTER</con:value></con:property><con:property><con:name>secondaryGroup</con:name><con:value/></con:property><con:property><con:name>accountNumberDigits</con:name><con:value/></con:property><con:property><con:name>address1</con:name><con:value>4307 14RM ST</con:value></con:property><con:property><con:name>alternatePhoneContact</con:name><con:value/></con:property><con:property><con:name>annualRevenue</con:name><con:value/></con:property><con:property><con:name>applicantEmailAddress</con:name><con:value/></con:property><con:property><con:name>applicantIncome</con:name><con:value/></con:property><con:property><con:name>applicationSignedCode</con:name><con:value/></con:property><con:property><con:name>authRepName</con:name><con:value/></con:property><con:property><con:name>authRepPhotoIDExp</con:name><con:value/></con:property><con:property><con:name>authRepPhotoIDState</con:name><con:value/></con:property><con:property><con:name>authRepSecondaryIDExp</con:name><con:value/></con:property><con:property><con:name>authRepSecondaryIDNumber</con:name><con:value/></con:property><con:property><con:name>authRepSecondaryIDState</con:name><con:value/></con:property><con:property><con:name>bankAddress</con:name><con:value/></con:property><con:property><con:name>bankCardNo</con:name><con:value/></con:property><con:property><con:name>bankCardType</con:name><con:value/></con:property><con:property><con:name>bankCity</con:name><con:value/></con:property><con:property><con:name>bankName</con:name><con:value/></con:property><con:property><con:name>bankPhoneExt</con:name><con:value/></con:property><con:property><con:name>bankState</con:name><con:value/></con:property><con:property><con:name>bankZipcode</con:name><con:value/></con:property><con:property><con:name>billingAddress1</con:name><con:value/></con:property><con:property><con:name>billingAddress2</con:name><con:value/></con:property><con:property><con:name>billingCity</con:name><con:value/></con:property><con:property><con:name>billingContact</con:name><con:value>DSSIM TEST CASE</con:value></con:property><con:property><con:name>billingFaxExt</con:name><con:value/></con:property><con:property><con:name>billingPhoneNo</con:name><con:value/></con:property><con:property><con:name>billingState</con:name><con:value/></con:property><con:property><con:name>billingZip</con:name><con:value/></con:property><con:property><con:name>bureauPhoneNumber</con:name><con:value/></con:property><con:property><con:name>businessPhone</con:name><con:value>7189811616</con:value></con:property><con:property><con:name>businessPhoneEx</con:name><con:value/></con:property><con:property><con:name>businessSicCode</con:name><con:value/></con:property><con:property><con:name>businessStartedMonth</con:name><con:value/></con:property><con:property><con:name>businessTitle</con:name><con:value/></con:property><con:property><con:name>businessTypeCode</con:name><con:value/></con:property><con:property><con:name>checkingAccountNumber</con:name><con:value/></con:property><con:property><con:name>city</con:name><con:value>URBANDALE</con:value></con:property><con:property><con:name>companyAddress1</con:name><con:value>1887 VICTORY BLVD</con:value></con:property><con:property><con:name>companyAddress2</con:name><con:value/></con:property><con:property><con:name>companyCity</con:name><con:value>STATEN ISLAND</con:value></con:property><con:property><con:name>companyFaxNo</con:name><con:value/></con:property><con:property><con:name>companyName</con:name><con:value>SHAMROCK VB INC</con:value></con:property><con:property><con:name>companyPhNo</con:name><con:value>7189811616</con:value></con:property><con:property><con:name>companyState</con:name><con:value>NY</con:value></con:property><con:property><con:name>companyZip</con:name><con:value>10314</con:value></con:property><con:property><con:name>creditLineRequested</con:name><con:value>5079</con:value></con:property><con:property><con:name>dateOfBirth</con:name><con:value>19720101</con:value></con:property><con:property><con:name>debtCancelFlag</con:name><con:value/></con:property><con:property><con:name>doingBusinessAs</con:name><con:value>Corporation</con:value></con:property><con:property><con:name>dunBradstreet</con:name><con:value/></con:property><con:property><con:name>edmDateReceived</con:name><con:value/></con:property><con:property><con:name>emailAddress</con:name><con:value/></con:property><con:property><con:name>emailOptIn</con:name><con:value/></con:property><con:property><con:name>experianNumber</con:name><con:value/></con:property><con:property><con:name>fax</con:name><con:value>asdafbhutui87654aarat</con:value></con:property><con:property><con:name>firstName</con:name><con:value>JOHN</con:value></con:property><con:property><con:name>foreignLanguageIndicator</con:name><con:value/></con:property><con:property><con:name>genContractAddress</con:name><con:value/></con:property><con:property><con:name>genContractCity</con:name><con:value/></con:property><con:property><con:name>genContractName</con:name><con:value/></con:property><con:property><con:name>genContractNumber</con:name><con:value/></con:property><con:property><con:name>genContractPhone</con:name><con:value/></con:property><con:property><con:name>genContractState</con:name><con:value/></con:property><con:property><con:name>genContractZip</con:name><con:value/></con:property><con:property><con:name>homePhone</con:name><con:value>7095871596</con:value></con:property><con:property><con:name>imageDocument</con:name><con:value/></con:property><con:property><con:name>inBusinessSince</con:name><con:value>1972</con:value></con:property><con:property><con:name>lastName</con:name><con:value>PPQFZY</con:value></con:property><con:property><con:name>masterAccountNumber</con:name><con:value/></con:property><con:property><con:name>nameMiddle</con:name><con:value/></con:property><con:property><con:name>nameSuffix</con:name><con:value/></con:property><con:property><con:name>newConstruction</con:name><con:value/></con:property><con:property><con:name>noOfCards</con:name><con:value/></con:property><con:property><con:name>numberOfEmployees</con:name><con:value/></con:property><con:property><con:name>ownerAddress</con:name><con:value/></con:property><con:property><con:name>ownerCity</con:name><con:value/></con:property><con:property><con:name>ownerName</con:name><con:value/></con:property><con:property><con:name>ownerPhone</con:name><con:value/></con:property><con:property><con:name>ownerState</con:name><con:value/></con:property><con:property><con:name>ownerZip</con:name><con:value/></con:property><con:property><con:name>parentAddress1</con:name><con:value/></con:property><con:property><con:name>parentCity</con:name><con:value/></con:property><con:property><con:name>parentCompanyName</con:name><con:value/></con:property><con:property><con:name>parentExt</con:name><con:value/></con:property><con:property><con:name>parentFaxNo</con:name><con:value/></con:property><con:property><con:name>parentOrgAddress2</con:name><con:value/></con:property><con:property><con:name>parentPhoneNo</con:name><con:value/></con:property><con:property><con:name>parentState</con:name><con:value/></con:property><con:property><con:name>parentZip</con:name><con:value/></con:property><con:property><con:name>passCode</con:name><con:value/></con:property><con:property><con:name>poNumberReq</con:name><con:value/></con:property><con:property><con:name>primaryBankName</con:name><con:value/></con:property><con:property><con:name>primaryBankPhoneNo</con:name><con:value/></con:property><con:property><con:name>primaryIdNumber</con:name><con:value/></con:property><con:property><con:name>privateGuarantorFlag</con:name><con:value/></con:property><con:property><con:name>productCode</con:name><con:value/></con:property><con:property><con:name>productType</con:name><con:value/></con:property><con:property><con:name>projectAddress</con:name><con:value/></con:property><con:property><con:name>projectCity</con:name><con:value/></con:property><con:property><con:name>projectName</con:name><con:value/></con:property><con:property><con:name>projectState</con:name><con:value/></con:property><con:property><con:name>projectZip</con:name><con:value/></con:property><con:property><con:name>promoCode</con:name><con:value/></con:property><con:property><con:name>promoTrackingCode</con:name><con:value/></con:property><con:property><con:name>queueIndFL</con:name><con:value/></con:property><con:property><con:name>salesPersonNo</con:name><con:value/></con:property><con:property><con:name>singleSaleLimit</con:name><con:value/></con:property><con:property><con:name>siteCode</con:name><con:value/></con:property><con:property><con:name>socialSecurityNumber</con:name><con:value>666015225</con:value></con:property><con:property><con:name>sourceCode</con:name><con:value/></con:property><con:property><con:name>specialProcessingCode</con:name><con:value/></con:property><con:property><con:name>specialPurchaseInstructions</con:name><con:value/></con:property><con:property><con:name>ssnOverrideFlag</con:name><con:value/></con:property><con:property><con:name>state</con:name><con:value>IA</con:value></con:property><con:property><con:name>taxExemptFlag</con:name><con:value/></con:property><con:property><con:name>taxNumber</con:name><con:value>123457067</con:value></con:property><con:property><con:name>title</con:name><con:value/></con:property><con:property><con:name>trade1Name</con:name><con:value/></con:property><con:property><con:name>trade1PhoneNo</con:name><con:value/></con:property><con:property><con:name>trade2Name</con:name><con:value xsi:nil="true" xmlns:xsi="http://www.w3.org/2001/XMLSchema-instance"/></con:property><con:property><con:name>trade2PhoneNo</con:name><con:value/></con:property><con:property><con:name>trade3Name</con:name><con:value/></con:property><con:property><con:name>trade3PhoneNo</con:name><con:value/></con:property><con:property><con:name>trade4Name</con:name><con:value/></con:property><con:property><con:name>trade4PhoneNo</con:name><con:value/></con:property><con:property><con:name>tradeRef1PhoneExt</con:name><con:value/></con:property><con:property><con:name>userIp</con:name><con:value/></con:property><con:property><con:name>zipCode</con:name><con:value>50322</con:value></con:property><con:property><con:name>AccStatusMessage</con:name><con:value>EDIT ERROR</con:value></con:property><con:property><con:name>testCaseType</con:name><con:value>BRCAPP</con:value></con:property><con:property><con:name>authBuyer</con:name><con:value/></con:property><con:property><con:name>authMemberNumber</con:name><con:value/></con:property><con:property><con:name>authorizationCardReq</con:name><con:value/></con:property><con:property><con:name>authorizedSsn</con:name><con:value/></con:property><con:property><con:name>comment</con:name><con:value/></con:property></con:properties></con:testSuite><con:properties/><con:wssContainer/><con:oAuth2ProfileContainer/><con:oAuth1ProfileContainer/><con:sensitiveInformation/></con:soapui-project>