<?xml version="1.0" encoding="UTF-8"?>
<con:soapui-project id="5c58de8f-9edc-4422-be33-81eed3cc7775" activeEnvironment="Default" name="ServicesDemo" soapui-version="5.4.0" abortOnError="false" runType="SEQUENTIAL" xmlns:con="http://eviware.com/soapui/config"><con:settings/><con:interface xsi:type="con:RestService" id="9f2b0b18-2ad3-46b0-a44f-d2b6408f8717" wadlVersion="http://wadl.dev.java.net/2009/02" name="https://businessapplyapp-qa.prvcld.syfbank.com" type="rest" xmlns:xsi="http://www.w3.org/2001/XMLSchema-instance"><con:settings/><con:definitionCache/><con:endpoints><con:endpoint>https://businessapplyapp-qa.prvcld.syfbank.com</con:endpoint></con:endpoints><con:resource name="Cmlapply" path="/cmlservices/v1/cmlapply" id="819dc1be-8835-4e6f-8965-db8227674dce"><con:settings/><con:parameters/><con:method name="Cmlapply 1" id="8030ce61-594c-4348-af81-29b3d46cdbff" method="POST"><con:settings/><con:parameters/><con:representation type="REQUEST"><con:mediaType>application/json</con:mediaType><con:params/></con:representation><con:representation type="RESPONSE"><con:mediaType>application/json;charset=UTF-8</con:mediaType><con:status>200</con:status><con:params/><con:element xmlns:cml="https://businessapplyapp-qa.prvcld.syfbank.com/cmlservices/v1/cmlapply">cml:Response</con:element></con:representation><con:request name="Request 1" id="b98a0d36-75c9-49a5-8a9d-2dff7d5177dc" mediaType="application/json" postQueryString="false"><con:settings><con:setting id="com.eviware.soapui.impl.wsdl.WsdlRequest@request-headers">&lt;xml-fragment/></con:setting></con:settings><con:endpoint>https://businessapplyapp-qa.prvcld.syfbank.com</con:endpoint><con:request>{
"merchantData": {
    "clientData": "",
    "clientId": "lowes brc",
    "country": "US",
    "deviceType": "N",
    "internalPollingFlag": "",
    "merchantNumber": "0000000000000001",
    "operator": "ECOM",
    "primaryGroup": "",
    "register": "REGISTER",
    "secondaryGroup": ""
  },
  "applicantData": {
    "accountNumberDigits": "",
    "alternatePhoneContact": "",
    "annualRevenue": "",
    "applicantEmailAddress": "",
    "authBuyers": [
      {
        "authBuyerName": "Birlasoft",
        "authMemberNumber": null,
        "authorizationCardReq": "2",
        "authorizedSsn": null
      }
    ],
    "authRepFirstName": "",
    "authRepLastName": "",
    "authRepMI": "",
    "authRepPhotoIDExp": "",
    "authRepPhotoIDState": "",
    "authRepSecondaryIDExp": "",
    "authRepSecondaryIDNumber": "",
    "authRepSecondaryIDState": "",
    "authRepTitle": "",
    "bankAddress": "",
    "bankBondNumber": "",
    "bankBranch": "",
    "bankCardNo": "",
    "bankCardType": "",
    "bankCity": "",
    "bankName": "",
    "bankPhoneExt": "",
    "bankState": "",
    "bankZipcode": "",
    "billContact": "CHERIS",
    "billingAddress1": "",
    "billingAddress2": "",
    "billingCity": "",
    "billingFaxExt": "",
    "billingFaxNo": "",
    "billingPhoneNo": "",
    "billingState": "",
    "billingZip": "",
    "bureauPhoneNumber": "",
    "busFinancialInstCity": "",
    "busFinancialInstState": "",
    "businessPhone": "",
    "businessSicCode": "",
    "businessStartedMonth": "",
    "businessTypeCode": "1",
    "checkingAccountNumber": "",
    "comment": [
      ""
    ],
    "companyAddress1": "RANCHO CIR",
    "companyAddress2": "",
    "companyCity": "LAKE FOREST",
    "companyFaxNo": "",
    "companyName": "PEPPINOS INC",
    "companyPhNo": "2035551212",
    "companyPhoneExt": "",
    "companyState": "CA",
    "companyZip": "92630",
    "creditLineRequested": "51000",
    "crmsData": "",
    "debtCancelFlag": "",
    "directdepositAcountBalance": "",
    "doingBusinessAs": "Corporation",
    "drawAccountFlag": "",
    "dunBradstreet": "123456789",
    "edmDateReceived": "",
    "emailOptIn": "",
    "experianNumber": "",
    "externalCreditCardAccount": "",
    "externalSavingBankAccount": "",
    "faxNumber": "",
    "foreignLanguageIndicator": "N",
    "genContractAddress": "",
    "genContractCity": "",
    "genContractName": "",
    "genContractNumber": "",
    "genContractPhone": "",
    "genContractState": "",
    "genContractZip": "",
    "homeLoanFlag": "",
    "homePhone2": "",
    "imageDocument": "",
    "inBusinessSince": "1998",
    "introRatesExpiryDate": "",
    "memberCardType": "",
    "memberSinceDate": "07202018",
    "memberType": "",
    "merchantSiteId": "",
    "namePrefix": "",
    "nameSuffix": "",
    "newConstruction": "",
    "noOfCards": "",
    "numberOfEmployees": "",
    "ownerAddress": "",
    "ownerCity": "",
    "ownerName": "",
    "ownerPhone": "",
    "ownerState": "",
    "ownerZip": "",
    "parentAccountNo": "",
    "parentAddress1": "RANCHO CIR",
    "parentCity": "",
    "parentCompanyName": "",
    "parentExt": "",
    "parentFaxNo": "",
    "parentOrgAddress2": "",
    "parentPhoneNo": "",
    "parentState": "",
    "parentZip": "",
    "passCode": "",
    "pgAddress1": "21473 CITRUS",
    "pgCity": "ELMENDORF AFB",
    "pgFinancialInstCity": "",
    "pgFinancialInstPhone": "",
    "pgFinancialInstState": "",
    "pgSsn": "766205638",
    "pgState": "AK",
    "pgTitle": "",
    "pgapplicantIncome": "2000",
    "pgdateOfBirth": "19720101",
    "pgemailAddress": "",
    "pgfirstName": "JAYESM",
    "pghomePhone": "2035551212",
    "pglastName": "CHOKSI",
    "pgmiddleName": "",
    "pgprivateGuarantorFlag": "",
    "pgzipCode": "99506",
    "poNumberReq": "",
    "prevAddress1": "",
    "prevAddress2": "",
    "prevCity": "",
    "prevState": "",
    "prevZip": "",
    "primaryBankName": "",
    "primaryBankPhoneNo": "",
    "primaryIdNumber": "",
    "productCode": "099",
    "productType": "",
    "projectAddress": "",
    "projectCity": "",
    "projectIDNumber": "",
    "projectName": "",
    "projectReference": "",
    "projectState": "",
    "projectZip": "",
    "promoCode": "",
    "promoTrackingCode": "",
    "queueIndFL": "",
    "registerDate": "",
    "reissueDate": "20200303",
    "reoccurInstallment": "",
    "residenceCode": "",
    "riskLevel": "",
    "salesPersonNo": "",
    "securityPin": "",
    "singleSaleLimit": "",
    "sourceCode": "",
    "specialProcessingCode": "",
    "specialPurchaseInstructions": "",
    "ssnOverrideFlag": "",
    "taxExemptFlag": "",
    "taxNumber": "123461372",
    "tempAccount": "",
    "tempClExpDate": "",
    "temporaryCreditLine": "",
    "timeAtHome": "",
    "trade1Name": "",
    "trade1PhoneNo": "",
    "trade2Name": "",
    "trade2PhoneNo": "",
    "trade3Name": "",
    "trade3PhoneNo": "",
    "trade4Name": "",
    "trade4PhoneNo": "",
    "tradeContactName1": "",
    "tradeContactName2": "",
    "tradeRef1PhoneExt": "",
    "userFlag1_4": "",
    "userIp": "10.81.69.235",
    "beneficialOwners": {
      "address2": "",
      "city": "OVERLAND PARK",
      "countryCode": "USA",
      "countryIssuance": "",
      "dob": "08211964",
      "expiryDate": "",
      "firstName": "BONNIE",
      "homeAddress": "8816 W 49 WEST 124TH ST",
      "identityNo": "",
      "issueDate": "",
      "lastName": "KIDD",
      "legalDesc": "",
      "middleName": "",
      "ownerIndicator": "CP",
	  "ssn": "666865460",
      "state": "KS",
      "title": "MR",
      "usCitizen": "Y",
      "zip": "66213",
      "ownershipData": [
        {
          "address2": "",
          "city": "",
          "countryCode": "",
          "countryIssuance": "",
          "dob": "",
          "expiryDate": "",
          "firstName": "",
          "homeAddress": "",
          "identityNo": "",
          "issueDate": "",
          "lastName": "",
          "legalDesc": "",
          "middleName": "",
          "ownerIndicator": "",
          "ssn": "",
          "state": "",
          "usCitizen": "",
          "zip": ""
		}
      ]     
    }
  }
  
}
</con:request><con:originalUri>https://businessapplyapp-qa.prvcld.syfbank.com/cmlservices/v1/cmlapply</con:originalUri><con:credentials><con:authType>No Authorization</con:authType></con:credentials><con:jmsConfig JMSDeliveryMode="PERSISTENT"/><con:jmsPropertyConfig/><con:parameters/></con:request></con:method></con:resource></con:interface><con:testSuite id="a6306656-5962-4fdb-93aa-8da9066e05db" name="demo"><con:description>TestSuite generated for REST Service [https://businessapplyapp-qa.prvcld.syfbank.com]</con:description><con:settings/><con:runType>SEQUENTIAL</con:runType><con:testCase id="3420a04f-76b9-457d-a2ec-402a443853cb" failOnError="true" failTestCaseOnErrors="true" keepSession="false" maxResults="0" name="Cmlapply TestCase" searchProperties="true"><con:description>TestCase generated for REST Resource [Cmlapply] located at [/cmlservices/v1/cmlapply]</con:description><con:settings/><con:testStep type="restrequest" name="BRC" id="6b6df7d0-32bc-42a4-b2f3-ed44a9a3d358"><con:settings/><con:config service="https://businessapplyapp-qa.prvcld.syfbank.com" resourcePath="/cmlservices/v1/cmlapply" methodName="Cmlapply 1" xsi:type="con:RestRequestStep" xmlns:xsi="http://www.w3.org/2001/XMLSchema-instance"><con:restRequest name="BRC" id="b98a0d36-75c9-49a5-8a9d-2dff7d5177dc" mediaType="application/json" postQueryString="false"><con:settings><con:setting id="com.eviware.soapui.impl.wsdl.WsdlRequest@request-headers">&lt;xml-fragment/></con:setting></con:settings><con:endpoint>https://businessapplyapp-qa.prvcld.syfbank.com</con:endpoint><con:request>{
"merchantData": {
    "clientData": "${#TestSuite#clientData}",
    "clientId": "${#TestSuite#clientId}",
    "country": "${#TestSuite#country}",
    "deviceType": "${#TestSuite#deviceType}",
    "internalPollingFlag": "${#TestSuite#internalPollingFlag}",
    "merchantNumber": "${#TestSuite#merchantNumber}",
    "operator": "${#TestSuite#operator}",
    "primaryGroup": "${#TestSuite#primaryGroup}",
    "register": "${#TestSuite#register}",
    "secondaryGroup": "${#TestSuite#secondaryGroup}"
  },
  "applicantData": {
    "accountNumberDigits": "${#TestSuite#accountNumberDigits}",
    "alternatePhoneContact": "${#TestSuite#alternatePhoneContact}",
    "annualRevenue": "${#TestSuite#annualRevenue}",
    "applicantEmailAddress": "${#TestSuite#applicantEmailAddress}",
    "applicationSignedCode": "${#TestSuite#applicationSignedCode}",
    "authBuyer":[
    	"NISHIJOHNsjgfsj123dghfdjghfghdfjdhdfjkdgfsdjkgskjgsdjkgfsdkj",
"NISHIJOHNsjgfsj123dghfdjghfghdfjdhdfjkdgfsdjkgskjgsdjkgfsdkj",
"NISHIJOHNsjgfsj123dghfdjghfghdfjdhdfjkdgfsdjkgskjgsdjkgfsdkj",
"NISHIJOHNsjgfsj123dghfdjghfghdfjdhdfjkdgfsdjkgskjgsdjkgfsdkj",
"NISHIJOHNsjgfsj123dghfdjghfghdfjdhdfjkdgfsdjkgskjgsdjkgfsdkj",
"NISHIJOHNsjgfsj123dghfdjghfghdfjdhdfjkdgfsdjkgskjgsdjkgfsdkj",
"NISHIJOHNsjgfsj123dghfdjghfghdfjdhdfjkdgfsdjkgskjgsdjkgfsdkj",
"NISHIJOHNsjgfsj123dghfdjghfghdfjdhdfjkdgfsdjkgskjgsdjkgfsdkj",
"NISHIJOHNsjgfsj123dghfdjghfghdfjdhdfjkdgfsdjkgskjgsdjkgfsdkj",
"NISHIJOHNsjgfsj123dghfdjghfghdfjdhdfjkdgfsdjkgskjgsdjkgfsdkj"
 	],
    "authMemberNumber":[
    "123456789456qwert", "123456789456qwert", "123456789456qwert",
  "123456789456qwert", "123456789456qwert", "123456789456qwert", 
  "123456789456qwert", "123456789456qwert", "123456789456qwert",
  "123456789456qwert"
    ],
    
    "authRepFirstName": "${#TestSuite#authRepFirstName}",
    "authRepLastName": "${#TestSuite#authRepLastName}",
    "authRepMI": "${#TestSuite#authRepMI}",
    "authRepPhotoIDExp": "${#TestSuite#authRepPhotoIDExp}",
    "authRepPhotoIDState": "${#TestSuite#authRepPhotoIDState}",
    "authRepSecondaryIDExp": "${#TestSuite#authRepSecondaryIDExp}",
    "authRepSecondaryIDNumber": "${#TestSuite#authRepSecondaryIDNumber}",
    "authRepSecondaryIDState": "${#TestSuite#authRepSecondaryIDState}",
    "authRepTitle": "${#TestSuite#authRepTitle}",
    "authorizationCardReq":[
    		"Y", "Y", "Y", "Y", "Y", "Y", "Y", "Y", "Y", "1" 
      
    ],
    "authorizedSsn":[ 
   	       "123456789", "123456781", "123456785", "123456789", "126456789", "123476789", "123456589", "126456789", "123476789", "129456789"
    ],
    
    "bankAddress": "${#TestSuite#bankAddress}",
    "bankBondNumber": "${#TestSuite#bankBondNumber}",
    "bankBranch": "${#TestSuite#bankBranch}",
    "bankCardNo": "${#TestSuite#bankCardNo}",
    "bankCardType": "${#TestSuite#bankCardType}",
    "bankCity": "${#TestSuite#bankCity}",
    "bankName": "${#TestSuite#bankName}",
    "bankPhoneExt": "${#TestSuite#bankPhoneExt}",
    "bankState": "${#TestSuite#bankState}",
    "bankZipcode": "${#TestSuite#bankZipcode}",
	"billContact": "${#TestSuite#billContact}",
    "billingAddress1": "${#TestSuite#billingAddress1}",
    "billingAddress2": "${#TestSuite#billingAddress2}",
    "billingCity": "${#TestSuite#billingCity}",
    "billingFaxExt": "${#TestSuite#billingFaxExt}",
    "billingFaxNo": "${#TestSuite#billingFaxNo}",
    "billingPhoneNo": "${#TestSuite#billingPhoneNo}",
    "billingState": "${#TestSuite#billingState}",
    "billingZip": "${#TestSuite#billingZip}",
    "bureauPhoneNumber": "${#TestSuite#bureauPhoneNumber}",
    "busFinancialInstCity": "${#TestSuite#busFinancialInstCity}",
    "busFinancialInstState": "${#TestSuite#busFinancialInstState}",
    "businessPhone": "${#TestSuite#businessPhone}",
    "businessSicCode": "${#TestSuite#businessSicCode}",
    "businessStartedMonth": "${#TestSuite#businessStartedMonth}",
    "businessTypeCode": "${#TestSuite#businessTypeCode}",
    "checkingAccountNumber": "${#TestSuite#checkingAccountNumber}",
    "comment": ["${#TestSuite#comment}" ],
      
   
    "companyAddress1": "${#TestSuite#companyAddress1}",
    "companyAddress2": "${#TestSuite#companyAddress2}",
    "companyCity": "${#TestSuite#companyCity}",
    "companyFaxNo": "${#TestSuite#companyFaxNo}",
    "companyName": "${#TestSuite#companyName}",
    "companyPhNo": "${#TestSuite#companyPhNo}",
    "companyPhoneExt": "${#TestSuite#companyPhoneExt}",
    "companyState": "${#TestSuite#companyState}",
    "companyZip": "${#TestSuite#companyZip}",
    "creditLineRequested": "${#TestSuite#creditLineRequested}",
    "crmsData": "${#TestSuite#crmsData}",
    "debtCancelFlag": "${#TestSuite#debtCancelFlag}",
    "directdepositAcountBalance": "${#TestSuite#directdepositAcountBalance}",
    "doingBusinessAs": "${#TestSuite#doingBusinessAs}",
    "drawAccountFlag": "${#TestSuite#drawAccountFlag}",
    "dunBradstreet": "${#TestSuite#dunBradstreet}",
    "edmDateReceived": "${#TestSuite#edmDateReceived}",
    "emailOptIn": "${#TestSuite#emailOptIn}",
    "experianNumber": "${#TestSuite#experianNumber}",
    "externalCreditCardAccount": "${#TestSuite#externalCreditCardAccount}",
    "externalSavingBankAccount": "${#TestSuite#externalSavingBankAccount}",
    "faxNumber": "${#TestSuite#faxNumber}",
    "foreignLanguageIndicator": "${#TestSuite#foreignLanguageIndicator}",
    "genContractAddress": "${#TestSuite#genContractAddress}",
    "genContractCity": "${#TestSuite#genContractCity}",
    "genContractName": "${#TestSuite#genContractName}",
    "genContractNumber": "${#TestSuite#genContractNumber}",
    "genContractPhone": "${#TestSuite#genContractPhone}",
    "genContractState": "${#TestSuite#genContractState}",
    "genContractZip": "${#TestSuite#genContractZip}",
    "homeLoanFlag": "${#TestSuite#homeLoanFlag}",
    "homePhone2": "${#TestSuite#homePhone2}",
    "imageDocument": "${#TestSuite#imageDocument}",
    "inBusinessSince": "${#TestSuite#inBusinessSince}",
    "introRatesExpiryDate": "${#TestSuite#introRatesExpiryDate}",
    "memberCardType": "${#TestSuite#memberCardType}",
    "memberSinceDate": "${#TestSuite#memberSinceDate}",
    "memberType": "${#TestSuite#memberType}",
    "merchantSiteId": "${#TestSuite#merchantSiteId}",
    "namePrefix": "${#TestSuite#namePrefix}",
    "nameSuffix": "${#TestSuite#nameSuffix}",
    "newConstruction": "${#TestSuite#newConstruction}",
    "noOfCards": "${#TestSuite#noOfCards}",
    "numberOfEmployees": "${#TestSuite#numberOfEmployees}",
    "ownerAddress": "${#TestSuite#ownerAddress}",
    "ownerCity": "${#TestSuite#ownerCity}",
    "ownerName": "${#TestSuite#ownerName}",
    "ownerPhone": "${#TestSuite#ownerPhone}",
    "ownerState": "${#TestSuite#ownerState}",
    "ownerZip": "${#TestSuite#ownerZip}",
    "parentAccountNo": "${#TestSuite#parentAccountNo}",
    "parentAddress1": "${#TestSuite#parentAddress1}",
    "parentCity": "${#TestSuite#parentCity}",
    "parentCompanyName": "${#TestSuite#parentCompanyName}",
    "parentExt": "${#TestSuite#parentExt}",
    "parentFaxNo": "${#TestSuite#parentFaxNo}",
    "parentOrgAddress2": "${#TestSuite#parentOrgAddress2}",
    "parentPhoneNo": "${#TestSuite#parentPhoneNo}",
    "parentState": "${#TestSuite#parentState}",
    "parentZip": "${#TestSuite#parentZip}",
    "passCode": "${#TestSuite#passCode}",
    "pgAddress1": "${#TestSuite#pgAddress1}",
    "pgCity": "${#TestSuite#pgCity}",
    "pgFinancialInstCity": "${#TestSuite#pgFinancialInstCity}",
    "pgFinancialInstPhone": "${#TestSuite#pgFinancialInstPhone}",
    "pgFinancialInstState": "${#TestSuite#pgFinancialInstState}",
    "pgSsn": "${#TestSuite#pgSsn}",
    "pgState": "${#TestSuite#pgState}",
    "pgTitle": "${#TestSuite#pgTitle}",
    "pgapplicantIncome": "${#TestSuite#pgapplicantIncome}",
    "pgdateOfBirth": "${#TestSuite#pgdateOfBirth}",
    "pgemailAddress": "${#TestSuite#pgemailAddress}",
    "pgfirstName": "${#TestSuite#pgfirstName}",
    "pghomePhone": "${#TestSuite#pghomePhone}",
    "pglastName": "${#TestSuite#pglastName}",
    "pgmiddleName": "${#TestSuite#pgmiddleName}",
    "pgprivateGuarantorFlag": "${#TestSuite#pgprivateGuarantorFlag}",
    "pgzipCode": "${#TestSuite#pgzipCode}",
    "poNumberReq": "${#TestSuite#poNumberReq}",
    "prevAddress1": "${#TestSuite#prevAddress1}",
    "prevAddress2": "${#TestSuite#prevAddress2}",
    "prevCity": "${#TestSuite#prevCity}",
    "prevState": "${#TestSuite#prevState}",
    "prevZip": "${#TestSuite#prevZip}",
    "primaryBankName": "${#TestSuite#primaryBankName}",
    "primaryBankPhoneNo": "${#TestSuite#primaryBankPhoneNo}",
    "primaryIdNumber": "${#TestSuite#primaryIdNumber}",
    "productCode": "${#TestSuite#productCode}",
    "productType": "${#TestSuite#productType}",
    "projectAddress": "${#TestSuite#projectAddress}",
    "projectCity": "${#TestSuite#projectCity}",
    "projectIDNumber": "${#TestSuite#projectIDNumber}",
    "projectName": "${#TestSuite#projectName}",
    "projectReference": "${#TestSuite#projectReference}",
    "projectState": "${#TestSuite#projectState}",
    "projectZip": "${#TestSuite#projectZip}",
    "promoCode": "${#TestSuite#promoCode}",
    "promoTrackingCode": "${#TestSuite#promoTrackingCode}",
    "queueIndFL": "${#TestSuite#queueIndFL}",
    "registerDate": "${#TestSuite#registerDate}",
    "reissueDate": "${#TestSuite#reissueDate}",
    "reoccurInstallment": "${#TestSuite#reoccurInstallment}",
    "residenceCode": "${#TestSuite#residenceCode}",
    "riskLevel": "${#TestSuite#riskLevel}",
    "salesPersonNo": "${#TestSuite#salesPersonNo}",
    "securityPin": "${#TestSuite#securityPin}",
    "singleSaleLimit": "${#TestSuite#singleSaleLimit}",
    "sourceCode": "${#TestSuite#sourceCode}",
    "specialProcessingCode": "${#TestSuite#specialProcessingCode}",
    "specialPurchaseInstructions": "${#TestSuite#specialPurchaseInstructions}",
    "ssnOverrideFlag": "${#TestSuite#ssnOverrideFlag}",
    "taxExemptFlag": "${#TestSuite#taxExemptFlag}",
    "taxNumber": "${#TestSuite#taxNumber}",
    "tempAccount": "${#TestSuite#tempAccount}",
    "tempClExpDate": "${#TestSuite#tempClExpDate}",
    "temporaryCreditLine": "${#TestSuite#temporaryCreditLine}",
    "timeAtHome": "${#TestSuite#timeAtHome}",
    "trade1Name": "${#TestSuite#trade1Name}",
    "trade1PhoneNo": "${#TestSuite#trade1PhoneNo}",
    "trade2Name": "${#TestSuite#trade2Name}",
    "trade2PhoneNo": "${#TestSuite#trade2PhoneNo}",
    "trade3Name": "${#TestSuite#trade3Name}",
    "trade3PhoneNo": "${#TestSuite#trade3PhoneNo}",
    "trade4Name": "${#TestSuite#trade4Name}",
    "trade4PhoneNo": "${#TestSuite#trade4PhoneNo}",
    "tradeContactName1": "${#TestSuite#tradeContactName1}",
    "tradeContactName2": "${#TestSuite#tradeContactName2}",
    "tradeRef1PhoneExt": "${#TestSuite#tradeRef1PhoneExt}",
    "userFlag1_4": "${#TestSuite#userFlag1_4}",
    "userIp": "${#TestSuite#userIp}",
    "beneficialOwners": {
      "address2": "${#TestSuite#address2_beneficial  }",
      "city": "${#TestSuite#city_beneficial }",
      "countryCode": "${#TestSuite#countryCode_beneficial }",
      "countryIssuance": "${#TestSuite#countryIssuance_beneficial }",
      "dob": "${#TestSuite#dob_beneficial }",
      "expiryDate": "${#TestSuite#expiryDate_beneficial }",
      "firstName": "${#TestSuite#firstName_beneficial }",
      "homeAddress": "${#TestSuite#homeAddress_beneficial }",
      "identityNo": "${#TestSuite#identityNo_beneficial }",
      "issueDate": "${#TestSuite#issueDate_beneficial }",
      "lastName": "${#TestSuite#lastName_beneficial }",
      "legalDesc": "${#TestSuite#legalDesc_beneficial }",
      "middleName": "${#TestSuite#middleName_beneficial }",
      "ownerIndicator": "${#TestSuite#ownerIndicator_beneficial }",
	  "ssn": "${#TestSuite#ssn_beneficial }",
      "state": "${#TestSuite#state_beneficial }",
      "title": "${#TestSuite#title_beneficial }",
      "usCitizen": "${#TestSuite#usCitizen_beneficial }",
      "zip": "${#TestSuite#zip_beneficial }",
      "ownershipData": [
        {
          "address2": "${#TestSuite#address2_Owner }",
          "city": "${#TestSuite#city_Owner }",
          "countryCode": "${#TestSuite#countryCode_Owner }",
          "countryIssuance": "${#TestSuite#countryIssuance_Owner }",
          "dob": "${#TestSuite#dob_Owner }",
          "expiryDate": "${#TestSuite#expiryDate_Owner }",
          "firstName": "${#TestSuite#firstName_Owner }",
          "homeAddress": "${#TestSuite#homeAddress_Owner }",
          "identityNo": "${#TestSuite#identityNo_Owner }",
          "issueDate": "${#TestSuite#issueDate_Owner }",
          "lastName": "${#TestSuite#lastName_Owner }",
          "legalDesc": "${#TestSuite#legalDesc_Owner }",
          "middleName": "${#TestSuite#middleName_Owner }",
          "ownerIndicator": "${#TestSuite#ownerIndicator_Owner }",
          "ssn": "${#TestSuite#ssn_Owner }",
          "state": "${#TestSuite#state_Owner }",
          "usCitizen": "${#TestSuite#usCitizen_Owner }",
          "zip": "${#TestSuite#zip_Owner }"
		}
      ]     
    }
  }
  
}</con:request><con:originalUri>https://businessapplyapp-qa.prvcld.syfbank.com/cmlservices/v1/cmlapply</con:originalUri><con:credentials><con:authType>No Authorization</con:authType></con:credentials><con:jmsConfig JMSDeliveryMode="PERSISTENT"/><con:jmsPropertyConfig/><con:parameters/></con:restRequest></con:config></con:testStep><con:testStep type="groovy" name="MainScript" id="5a188530-955d-4b18-95fb-268413ab827c"><con:settings/><con:config><script>/*
@Author: Asha Rani Anthony Micheal
@Description: To send the REST Request and to read the REST Response using Groovy Script
*/
// ***************Defining all the library files here****************//
import jxl.*;				
import jxl.write.*;
import groovy.json.JsonSlurper
import java.util.Date;
import java.lang.*;
import java.io.*;
import jxl.read.biff.BiffException;
import jxl.format.Colour;

import jxl.format.Pattern;
import jxl.write.WritableCellFormat;
import jxl.write.WritableFont;
import jxl.write.WritableSheet;
import jxl.write.WritableWorkbook;
import jxl.write.WriteException;
import com.eviware.soapui.support.XmlHolder
import com.eviware.soapui.impl.wsdl.teststeps.WsdlTestStepResult;  

// ***************Defining all the variables here****************//

def clientData
def clientId
def country
def internalPollingFlag
def deviceType
def merchantNumber
def operator
def primaryGroup
def register
def secondaryGroup
def accountNumberDigits
def alternatePhoneContact
def annualRevenue
def applicantEmailAddress
def applicationSignedCode
def authBuyer
def authMemberNumber
def authRepFirstName
def authRepLastName
def authRepMI
def authRepPhotoIDExp
def authRepPhotoIDState
def authRepSecondaryIDExp
def authRepSecondaryIDNumber
def authRepSecondaryIDState
def authRepTitle
def authorizationCardReq
def authorizedSsn
def bankAddress
def bankBondNumber
def bankBranch
def bankCardNo
def bankCardType
def bankCity
def bankName
def bankPhoneExt
def bankState
def bankZipcode
def billContact
def billingAddress1
def billingAddress2
def billingCity
def billingFaxExt
def billingFaxNo
def billingPhoneNo
def billingState
def billingZip
def bureauPhoneNumber
def busFinancialInstCity
def busFinancialInstState
def businessPhone
def businessSicCode
def businessStartedMonth
def businessTypeCode
def checkingAccountNumber
def comment
def companyAddress1
def companyAddress2
def companyCity
def companyFaxNo
def companyName
def companyPhNo
def companyPhoneExt
def companyState
def companyZip
def creditLineRequested
def crmsData
def debtCancelFlag
def directdepositAcountBalance
def doingBusinessAs
def drawAccountFlag
def dunBradstreet
def edmDateReceived
def emailOptIn
def experianNumber
def externalCreditCardAccount
def externalSavingBankAccount
def faxNumber
def foreignLanguageIndicator
def genContractAddress
def genContractCity
def genContractName
def genContractNumber
def genContractPhone
def genContractState
def genContractZip
def homeLoanFlag
def homePhone2
def imageDocument
def inBusinessSince
def introRatesExpiryDate
def memberCardType
def memberSinceDate
def memberType
def merchantSiteId
def namePrefix
def nameSuffix
def newConstruction
def noOfCards
def numberOfEmployees
def ownerAddress
def ownerCity
def ownerName
def ownerPhone
def ownerState
def ownerZip
def parentAccountNo
def parentAddress1
def parentCity
def parentCompanyName
def parentExt
def parentFaxNo
def parentOrgAddress2
def parentPhoneNo
def parentState
def parentZip
def passCode
def pgAddress1
def pgCity
def pgFinancialInstCity
def pgFinancialInstPhone
def pgFinancialInstState
def pgSsn
def pgState
def pgTitle
def pgapplicantIncome
def pgdateOfBirth
def pgemailAddress
def pgfirstName
def pghomePhone
def pglastName
def pgmiddleName
def pgprivateGuarantorFlag
def pgzipCode
def poNumberReq
def prevAddress1
def prevAddress2
def prevCity
def prevState
def prevZip
def primaryBankName
def primaryBankPhoneNo
def primaryIdNumber
def productCode
def productType
def projectAddress
def projectCity
def projectIDNumber
def projectName
def projectReference
def projectState
def projectZip
def promoCode
def promoTrackingCode
def queueIndFL
def registerDate
def reissueDate
def reoccurInstallment
def residenceCode
def riskLevel
def salesPersonNo
def securityPin
def singleSaleLimit
def sourceCode
def specialProcessingCode
def specialPurchaseInstructions
def ssnOverrideFlag
def taxExemptFlag
def taxNumber
def tempAccount
def tempClExpDate
def temporaryCreditLine
def timeAtHome
def trade1Name
def trade1PhoneNo
def trade2Name
def trade2PhoneNo
def trade3Name
def trade3PhoneNo
def trade4Name
def trade4PhoneNo
def tradeContactName1
def tradeContactName2
def tradeRef1PhoneExt
def userFlag1_4
def userIp
def address2_beneficial
def city_beneficial
def countryCode_beneficial
def countryIssuance_beneficial
def dob_beneficial
def expiryDate_beneficial
def firstName_beneficial
def homeAddress_beneficial
def identityNo_beneficial
def issueDate_beneficial
def lastName_beneficial
def legalDesc_beneficial
def middleName_beneficial
def ownerIndicator_beneficial
def ssn_beneficial
def state_beneficial
def title_beneficial
def usCitizen_beneficial
def zip_beneficial
def address2_Owner
def ssn_Owner
def state_Owner
def usCitizen_Owner
def zip_Owner
def city_Owner
def countryCode_Owner
def countryIssuance_Owner
def dob_Owner
def expiryDate_Owner
def firstName_Owner
def homeAddress_Owner
def identityNo_Owner
def issueDate_Owner
def lastName_Owner
def legalDesc_Owner
def middleName_Owner
def ownerIndicator_Owner


// ***************Check whether excel file is exists****************//
File datasheet = new File("H:/BRCServices/InputSheet/SampleRun.xlsx")
if (datasheet.exists())
{
   log.info("File Exist")
}
else
{
   log.info("File Not Found")
}
// ************************Open the Excel file*************************//
Workbook workbook = Workbook.getWorkbook(new File("H:/BRCServices/InputSheet/SampleRun.xlsx"))
def wooksheet = workbook.getSheet(0)

def obj1 = context.obj 
	
// ***************creating a Results copy to save Outputs***************//
def time = (new Date().format("yyyy-MM-dd-HH-mm-ss"))
String fileName = "H:/BRCServices/Results/AutomationExceutionR4 summaryreport_"+time+".xlsx"
File file = new File(fileName);
file.renameTo(fileName)

WritableWorkbook copy = Workbook.createWorkbook(new File(fileName),workbook)
WritableSheet sheet2 = copy.getSheet(0); 

// ****************************** Taking the Total Number of rows and columns******************************//
EndRowCount = wooksheet.getRows()
log.info "Total Number of Rows Count--> " + EndRowCount
TotalCol = wooksheet.getColumns();
log.info "Total Number of Columns Count--> " + TotalCol

for (i=1; i&lt;EndRowCount; i++)
{
	 Execution_Flag = workbook.getSheet(0).getCell(242,i).getContents()		// Checking the Execution flag
	 log.info ("Execution_Flag =" +Execution_Flag)
	 if(Execution_Flag.equalsIgnoreCase('Y'))
	 {
	 	// loading Values from Excel (A1) to TestSuite properties for REST Request

testCaseName=workbook.getSheet(0).getCell(1,i).getContents()
testRunner.testCase.testSuite.setPropertyValue("testCaseName",testCaseName)
 log.info("testCaseName Is:" + testCaseName)
clientData=workbook.getSheet(0).getCell(2,i).getContents()
testRunner.testCase.testSuite.setPropertyValue("clientData",clientData)
 log.info("clientData Is:" + clientData)
clientId=workbook.getSheet(0).getCell(3,i).getContents()
testRunner.testCase.testSuite.setPropertyValue("clientId",clientId)
 log.info("clientId Is:" + clientId)
country=workbook.getSheet(0).getCell(4,i).getContents()
testRunner.testCase.testSuite.setPropertyValue("country",country)
 log.info("country Is:" + country)
 deviceType=workbook.getSheet(0).getCell(5,i).getContents()
testRunner.testCase.testSuite.setPropertyValue("deviceType",deviceType)
 log.info("deviceType Is:" + deviceType)
internalPollingFlag=workbook.getSheet(0).getCell(6,i).getContents()
testRunner.testCase.testSuite.setPropertyValue("internalPollingFlag",internalPollingFlag)
 log.info("internalPollingFlag Is:" + internalPollingFlag)

merchantNumber=workbook.getSheet(0).getCell(7,i).getContents()
testRunner.testCase.testSuite.setPropertyValue("merchantNumber",merchantNumber)
 log.info("merchantNumber Is:" + merchantNumber)
operator=workbook.getSheet(0).getCell(8,i).getContents()
testRunner.testCase.testSuite.setPropertyValue("operator",operator)
 log.info("operator Is:" + operator)
primaryGroup=workbook.getSheet(0).getCell(9,i).getContents()
testRunner.testCase.testSuite.setPropertyValue("primaryGroup",primaryGroup)
 log.info("primaryGroup Is:" + primaryGroup)
register=workbook.getSheet(0).getCell(10,i).getContents()
testRunner.testCase.testSuite.setPropertyValue("register",register)
 log.info("register Is:" + register)
secondaryGroup=workbook.getSheet(0).getCell(11,i).getContents()
testRunner.testCase.testSuite.setPropertyValue("secondaryGroup",secondaryGroup)
 log.info("secondaryGroup Is:" + secondaryGroup)
accountNumberDigits=workbook.getSheet(0).getCell(12,i).getContents()
testRunner.testCase.testSuite.setPropertyValue("accountNumberDigits",accountNumberDigits)
 log.info("accountNumberDigits Is:" + accountNumberDigits)
alternatePhoneContact=workbook.getSheet(0).getCell(13,i).getContents()
testRunner.testCase.testSuite.setPropertyValue("alternatePhoneContact",alternatePhoneContact)
 log.info("alternatePhoneContact Is:" + alternatePhoneContact)
annualRevenue=workbook.getSheet(0).getCell(14,i).getContents()
testRunner.testCase.testSuite.setPropertyValue("annualRevenue",annualRevenue)
 log.info("annualRevenue Is:" + annualRevenue)
applicantEmailAddress=workbook.getSheet(0).getCell(15,i).getContents()
testRunner.testCase.testSuite.setPropertyValue("applicantEmailAddress",applicantEmailAddress)
 log.info("applicantEmailAddress Is:" + applicantEmailAddress)
applicationSignedCode=workbook.getSheet(0).getCell(16,i).getContents()
testRunner.testCase.testSuite.setPropertyValue("applicationSignedCode",applicationSignedCode)
 log.info("applicationSignedCode Is:" + applicationSignedCode)
authBuyer=workbook.getSheet(0).getCell(17,i).getContents()
testRunner.testCase.testSuite.setPropertyValue("authBuyer",authBuyer)
 log.info("authBuyer Is:" + authBuyer)
authMemberNumber=workbook.getSheet(0).getCell(18,i).getContents()
testRunner.testCase.testSuite.setPropertyValue("authMemberNumber",authMemberNumber)
 log.info("authMemberNumber Is:" + authMemberNumber)
authRepFirstName=workbook.getSheet(0).getCell(19,i).getContents()
testRunner.testCase.testSuite.setPropertyValue("authRepFirstName",authRepFirstName)
 log.info("authRepFirstName Is:" + authRepFirstName)
authRepLastName=workbook.getSheet(0).getCell(20,i).getContents()
testRunner.testCase.testSuite.setPropertyValue("authRepLastName",authRepLastName)
 log.info("authRepLastName Is:" + authRepLastName)
authRepMI=workbook.getSheet(0).getCell(21,i).getContents()
testRunner.testCase.testSuite.setPropertyValue("authRepMI",authRepMI)
 log.info("authRepMI Is:" + authRepMI)
authRepPhotoIDExp=workbook.getSheet(0).getCell(22,i).getContents()
testRunner.testCase.testSuite.setPropertyValue("authRepPhotoIDExp",authRepPhotoIDExp)
 log.info("authRepPhotoIDExp Is:" + authRepPhotoIDExp)
authRepPhotoIDState=workbook.getSheet(0).getCell(23,i).getContents()
testRunner.testCase.testSuite.setPropertyValue("authRepPhotoIDState",authRepPhotoIDState)
 log.info("authRepPhotoIDState Is:" + authRepPhotoIDState)
authRepSecondaryIDExp=workbook.getSheet(0).getCell(24,i).getContents()
testRunner.testCase.testSuite.setPropertyValue("authRepSecondaryIDExp",authRepSecondaryIDExp)
 log.info("authRepSecondaryIDExp Is:" + authRepSecondaryIDExp)
authRepSecondaryIDNumber=workbook.getSheet(0).getCell(25,i).getContents()
testRunner.testCase.testSuite.setPropertyValue("authRepSecondaryIDNumber",authRepSecondaryIDNumber)
 log.info("authRepSecondaryIDNumber Is:" + authRepSecondaryIDNumber)
authRepSecondaryIDState=workbook.getSheet(0).getCell(26,i).getContents()
testRunner.testCase.testSuite.setPropertyValue("authRepSecondaryIDState",authRepSecondaryIDState)
 log.info("authRepSecondaryIDState Is:" + authRepSecondaryIDState)
authRepTitle=workbook.getSheet(0).getCell(27,i).getContents()
testRunner.testCase.testSuite.setPropertyValue("authRepTitle",authRepTitle)
 log.info("authRepTitle Is:" + authRepTitle)
authorizationCardReq=workbook.getSheet(0).getCell(28,i).getContents()
testRunner.testCase.testSuite.setPropertyValue("authorizationCardReq",authorizationCardReq)
 log.info("authorizationCardReq Is:" + authorizationCardReq)
authorizedSsn=workbook.getSheet(0).getCell(29,i).getContents()
testRunner.testCase.testSuite.setPropertyValue("authorizedSsn",authorizedSsn)
 log.info("authorizedSsn Is:" + authorizedSsn)
bankAddress=workbook.getSheet(0).getCell(30,i).getContents()
testRunner.testCase.testSuite.setPropertyValue("bankAddress",bankAddress)
 log.info("bankAddress Is:" + bankAddress)
bankBondNumber=workbook.getSheet(0).getCell(31,i).getContents()
testRunner.testCase.testSuite.setPropertyValue("bankBondNumber",bankBondNumber)
 log.info("bankBondNumber Is:" + bankBondNumber)
bankBranch=workbook.getSheet(0).getCell(32,i).getContents()
testRunner.testCase.testSuite.setPropertyValue("bankBranch",bankBranch)
 log.info("bankBranch Is:" + bankBranch)
bankCardNo=workbook.getSheet(0).getCell(33,i).getContents()
testRunner.testCase.testSuite.setPropertyValue("bankCardNo",bankCardNo)
 log.info("bankCardNo Is:" + bankCardNo)
bankCardType=workbook.getSheet(0).getCell(34,i).getContents()
testRunner.testCase.testSuite.setPropertyValue("bankCardType",bankCardType)
 log.info("bankCardType Is:" + bankCardType)
bankCity=workbook.getSheet(0).getCell(35,i).getContents()
testRunner.testCase.testSuite.setPropertyValue("bankCity",bankCity)
 log.info("bankCity Is:" + bankCity)
bankName=workbook.getSheet(0).getCell(36,i).getContents()
testRunner.testCase.testSuite.setPropertyValue("bankName",bankName)
 log.info("bankName Is:" + bankName)
bankPhoneExt=workbook.getSheet(0).getCell(37,i).getContents()
testRunner.testCase.testSuite.setPropertyValue("bankPhoneExt",bankPhoneExt)
 log.info("bankPhoneExt Is:" + bankPhoneExt)
bankState=workbook.getSheet(0).getCell(38,i).getContents()
testRunner.testCase.testSuite.setPropertyValue("bankState",bankState)
 log.info("bankState Is:" + bankState)
bankZipcode=workbook.getSheet(0).getCell(39,i).getContents()
testRunner.testCase.testSuite.setPropertyValue("bankZipcode",bankZipcode)
 log.info("bankZipcode Is:" + bankZipcode)
billContact=workbook.getSheet(0).getCell(40,i).getContents()
testRunner.testCase.testSuite.setPropertyValue("billContact",billContact)
 log.info("billContact Is:" + billContact)
billingAddress1=workbook.getSheet(0).getCell(41,i).getContents()
testRunner.testCase.testSuite.setPropertyValue("billingAddress1",billingAddress1)
 log.info("billingAddress1 Is:" + billingAddress1)
billingAddress2=workbook.getSheet(0).getCell(42,i).getContents()
testRunner.testCase.testSuite.setPropertyValue("billingAddress2",billingAddress2)
 log.info("billingAddress2 Is:" + billingAddress2)
billingCity=workbook.getSheet(0).getCell(43,i).getContents()
testRunner.testCase.testSuite.setPropertyValue("billingCity",billingCity)
 log.info("billingCity Is:" + billingCity)
billingFaxExt=workbook.getSheet(0).getCell(44,i).getContents()
testRunner.testCase.testSuite.setPropertyValue("billingFaxExt",billingFaxExt)
 log.info("billingFaxExt Is:" + billingFaxExt)
billingFaxNo=workbook.getSheet(0).getCell(45,i).getContents()
testRunner.testCase.testSuite.setPropertyValue("billingFaxNo",billingFaxNo)
 log.info("billingFaxNo Is:" + billingFaxNo)
billingPhoneNo=workbook.getSheet(0).getCell(46,i).getContents()
testRunner.testCase.testSuite.setPropertyValue("billingPhoneNo",billingPhoneNo)
 log.info("billingPhoneNo Is:" + billingPhoneNo)
billingState=workbook.getSheet(0).getCell(47,i).getContents()
testRunner.testCase.testSuite.setPropertyValue("billingState",billingState)
 log.info("billingState Is:" + billingState)
billingZip=workbook.getSheet(0).getCell(48,i).getContents()
testRunner.testCase.testSuite.setPropertyValue("billingZip",billingZip)
 log.info("billingZip Is:" + billingZip)
bureauPhoneNumber=workbook.getSheet(0).getCell(49,i).getContents()
testRunner.testCase.testSuite.setPropertyValue("bureauPhoneNumber",bureauPhoneNumber)
 log.info("bureauPhoneNumber Is:" + bureauPhoneNumber)
busFinancialInstCity=workbook.getSheet(0).getCell(50,i).getContents()
testRunner.testCase.testSuite.setPropertyValue("busFinancialInstCity",busFinancialInstCity)
 log.info("busFinancialInstCity Is:" + busFinancialInstCity)
busFinancialInstState=workbook.getSheet(0).getCell(51,i).getContents()
testRunner.testCase.testSuite.setPropertyValue("busFinancialInstState",busFinancialInstState)
 log.info("busFinancialInstState Is:" + busFinancialInstState)
businessPhone=workbook.getSheet(0).getCell(52,i).getContents()
testRunner.testCase.testSuite.setPropertyValue("businessPhone",businessPhone)
 log.info("businessPhone Is:" + businessPhone)
businessSicCode=workbook.getSheet(0).getCell(53,i).getContents()
testRunner.testCase.testSuite.setPropertyValue("businessSicCode",businessSicCode)
 log.info("businessSicCode Is:" + businessSicCode)
businessStartedMonth=workbook.getSheet(0).getCell(54,i).getContents()
testRunner.testCase.testSuite.setPropertyValue("businessStartedMonth",businessStartedMonth)
 log.info("businessStartedMonth Is:" + businessStartedMonth)
businessTypeCode=workbook.getSheet(0).getCell(55,i).getContents()
testRunner.testCase.testSuite.setPropertyValue("businessTypeCode",businessTypeCode)
 log.info("businessTypeCode Is:" + businessTypeCode)
checkingAccountNumber=workbook.getSheet(0).getCell(56,i).getContents()
testRunner.testCase.testSuite.setPropertyValue("checkingAccountNumber",checkingAccountNumber)
 log.info("checkingAccountNumber Is:" + checkingAccountNumber)
comment=workbook.getSheet(0).getCell(57,i).getContents()
testRunner.testCase.testSuite.setPropertyValue("comment",comment)
 log.info("comment Is:" + comment)
companyAddress1=workbook.getSheet(0).getCell(58,i).getContents()
testRunner.testCase.testSuite.setPropertyValue("companyAddress1",companyAddress1)
 log.info("companyAddress1 Is:" + companyAddress1)
companyAddress2=workbook.getSheet(0).getCell(59,i).getContents()
testRunner.testCase.testSuite.setPropertyValue("companyAddress2",companyAddress2)
 log.info("companyAddress2 Is:" + companyAddress2)
companyCity=workbook.getSheet(0).getCell(60,i).getContents()
testRunner.testCase.testSuite.setPropertyValue("companyCity",companyCity)
 log.info("companyCity Is:" + companyCity)
companyFaxNo=workbook.getSheet(0).getCell(61,i).getContents()
testRunner.testCase.testSuite.setPropertyValue("companyFaxNo",companyFaxNo)
 log.info("companyFaxNo Is:" + companyFaxNo)
companyName=workbook.getSheet(0).getCell(62,i).getContents()
testRunner.testCase.testSuite.setPropertyValue("companyName",companyName)
 log.info("companyName Is:" + companyName)
companyPhNo=workbook.getSheet(0).getCell(63,i).getContents()
testRunner.testCase.testSuite.setPropertyValue("companyPhNo",companyPhNo)
 log.info("companyPhNo Is:" + companyPhNo)
companyPhoneExt=workbook.getSheet(0).getCell(64,i).getContents()
testRunner.testCase.testSuite.setPropertyValue("companyPhoneExt",companyPhoneExt)
 log.info("companyPhoneExt Is:" + companyPhoneExt)
companyState=workbook.getSheet(0).getCell(65,i).getContents()
testRunner.testCase.testSuite.setPropertyValue("companyState",companyState)
 log.info("companyState Is:" + companyState)
companyZip=workbook.getSheet(0).getCell(66,i).getContents()
testRunner.testCase.testSuite.setPropertyValue("companyZip",companyZip)
 log.info("companyZip Is:" + companyZip)
creditLineRequested=workbook.getSheet(0).getCell(67,i).getContents()
testRunner.testCase.testSuite.setPropertyValue("creditLineRequested",creditLineRequested)
 log.info("creditLineRequested Is:" + creditLineRequested)
crmsData=workbook.getSheet(0).getCell(68,i).getContents()
testRunner.testCase.testSuite.setPropertyValue("crmsData",crmsData)
 log.info("crmsData Is:" + crmsData)
debtCancelFlag=workbook.getSheet(0).getCell(69,i).getContents()
testRunner.testCase.testSuite.setPropertyValue("debtCancelFlag",debtCancelFlag)
 log.info("debtCancelFlag Is:" + debtCancelFlag)
directdepositAcountBalance=workbook.getSheet(0).getCell(70,i).getContents()
testRunner.testCase.testSuite.setPropertyValue("directdepositAcountBalance",directdepositAcountBalance)
 log.info("directdepositAcountBalance Is:" + directdepositAcountBalance)
doingBusinessAs=workbook.getSheet(0).getCell(71,i).getContents()
testRunner.testCase.testSuite.setPropertyValue("doingBusinessAs",doingBusinessAs)
 log.info("doingBusinessAs Is:" + doingBusinessAs)
drawAccountFlag=workbook.getSheet(0).getCell(72,i).getContents()
testRunner.testCase.testSuite.setPropertyValue("drawAccountFlag",drawAccountFlag)
 log.info("drawAccountFlag Is:" + drawAccountFlag)
dunBradstreet=workbook.getSheet(0).getCell(73,i).getContents()
testRunner.testCase.testSuite.setPropertyValue("dunBradstreet",dunBradstreet)
 log.info("dunBradstreet Is:" + dunBradstreet)
edmDateReceived=workbook.getSheet(0).getCell(74,i).getContents()
testRunner.testCase.testSuite.setPropertyValue("edmDateReceived",edmDateReceived)
 log.info("edmDateReceived Is:" + edmDateReceived)
emailOptIn=workbook.getSheet(0).getCell(75,i).getContents()
testRunner.testCase.testSuite.setPropertyValue("emailOptIn",emailOptIn)
 log.info("emailOptIn Is:" + emailOptIn)
experianNumber=workbook.getSheet(0).getCell(76,i).getContents()
testRunner.testCase.testSuite.setPropertyValue("experianNumber",experianNumber)
 log.info("experianNumber Is:" + experianNumber)
externalCreditCardAccount=workbook.getSheet(0).getCell(77,i).getContents()
testRunner.testCase.testSuite.setPropertyValue("externalCreditCardAccount",externalCreditCardAccount)
 log.info("externalCreditCardAccount Is:" + externalCreditCardAccount)
externalSavingBankAccount=workbook.getSheet(0).getCell(78,i).getContents()
testRunner.testCase.testSuite.setPropertyValue("externalSavingBankAccount",externalSavingBankAccount)
 log.info("externalSavingBankAccount Is:" + externalSavingBankAccount)
faxNumber=workbook.getSheet(0).getCell(79,i).getContents()
testRunner.testCase.testSuite.setPropertyValue("faxNumber",faxNumber)
 log.info("faxNumber Is:" + faxNumber)
foreignLanguageIndicator=workbook.getSheet(0).getCell(80,i).getContents()
testRunner.testCase.testSuite.setPropertyValue("foreignLanguageIndicator",foreignLanguageIndicator)
 log.info("foreignLanguageIndicator Is:" + foreignLanguageIndicator)
genContractAddress=workbook.getSheet(0).getCell(81,i).getContents()
testRunner.testCase.testSuite.setPropertyValue("genContractAddress",genContractAddress)
 log.info("genContractAddress Is:" + genContractAddress)
genContractCity=workbook.getSheet(0).getCell(82,i).getContents()
testRunner.testCase.testSuite.setPropertyValue("genContractCity",genContractCity)
 log.info("genContractCity Is:" + genContractCity)
genContractName=workbook.getSheet(0).getCell(83,i).getContents()
testRunner.testCase.testSuite.setPropertyValue("genContractName",genContractName)
 log.info("genContractName Is:" + genContractName)
genContractNumber=workbook.getSheet(0).getCell(84,i).getContents()
testRunner.testCase.testSuite.setPropertyValue("genContractNumber",genContractNumber)
 log.info("genContractNumber Is:" + genContractNumber)
genContractPhone=workbook.getSheet(0).getCell(85,i).getContents()
testRunner.testCase.testSuite.setPropertyValue("genContractPhone",genContractPhone)
 log.info("genContractPhone Is:" + genContractPhone)
genContractState=workbook.getSheet(0).getCell(86,i).getContents()
testRunner.testCase.testSuite.setPropertyValue("genContractState",genContractState)
 log.info("genContractState Is:" + genContractState)
genContractZip=workbook.getSheet(0).getCell(87,i).getContents()
testRunner.testCase.testSuite.setPropertyValue("genContractZip",genContractZip)
 log.info("genContractZip Is:" + genContractZip)
homeLoanFlag=workbook.getSheet(0).getCell(88,i).getContents()
testRunner.testCase.testSuite.setPropertyValue("homeLoanFlag",homeLoanFlag)
 log.info("homeLoanFlag Is:" + homeLoanFlag)
homePhone2=workbook.getSheet(0).getCell(89,i).getContents()
testRunner.testCase.testSuite.setPropertyValue("homePhone2",homePhone2)
 log.info("homePhone2 Is:" + homePhone2)
imageDocument=workbook.getSheet(0).getCell(90,i).getContents()
testRunner.testCase.testSuite.setPropertyValue("imageDocument",imageDocument)
 log.info("imageDocument Is:" + imageDocument)
inBusinessSince=workbook.getSheet(0).getCell(91,i).getContents()
testRunner.testCase.testSuite.setPropertyValue("inBusinessSince",inBusinessSince)
 log.info("inBusinessSince Is:" + inBusinessSince)
introRatesExpiryDate=workbook.getSheet(0).getCell(92,i).getContents()
testRunner.testCase.testSuite.setPropertyValue("introRatesExpiryDate",introRatesExpiryDate)
 log.info("introRatesExpiryDate Is:" + introRatesExpiryDate)
memberCardType=workbook.getSheet(0).getCell(93,i).getContents()
testRunner.testCase.testSuite.setPropertyValue("memberCardType",memberCardType)
 log.info("memberCardType Is:" + memberCardType)
memberSinceDate=workbook.getSheet(0).getCell(94,i).getContents()
testRunner.testCase.testSuite.setPropertyValue("memberSinceDate",memberSinceDate)
 log.info("memberSinceDate Is:" + memberSinceDate)
memberType=workbook.getSheet(0).getCell(95,i).getContents()
testRunner.testCase.testSuite.setPropertyValue("memberType",memberType)
 log.info("memberType Is:" + memberType)
merchantSiteId=workbook.getSheet(0).getCell(96,i).getContents()
testRunner.testCase.testSuite.setPropertyValue("merchantSiteId",merchantSiteId)
 log.info("merchantSiteId Is:" + merchantSiteId)
namePrefix=workbook.getSheet(0).getCell(97,i).getContents()
testRunner.testCase.testSuite.setPropertyValue("namePrefix",namePrefix)
 log.info("namePrefix Is:" + namePrefix)
nameSuffix=workbook.getSheet(0).getCell(98,i).getContents()
testRunner.testCase.testSuite.setPropertyValue("nameSuffix",nameSuffix)
 log.info("nameSuffix Is:" + nameSuffix)
newConstruction=workbook.getSheet(0).getCell(99,i).getContents()
testRunner.testCase.testSuite.setPropertyValue("newConstruction",newConstruction)
 log.info("newConstruction Is:" + newConstruction)
noOfCards=workbook.getSheet(0).getCell(100,i).getContents()
testRunner.testCase.testSuite.setPropertyValue("noOfCards",noOfCards)
 log.info("noOfCards Is:" + noOfCards)
numberOfEmployees=workbook.getSheet(0).getCell(101,i).getContents()
testRunner.testCase.testSuite.setPropertyValue("numberOfEmployees",numberOfEmployees)
 log.info("numberOfEmployees Is:" + numberOfEmployees)
ownerAddress=workbook.getSheet(0).getCell(102,i).getContents()
testRunner.testCase.testSuite.setPropertyValue("ownerAddress",ownerAddress)
 log.info("ownerAddress Is:" + ownerAddress)
ownerCity=workbook.getSheet(0).getCell(103,i).getContents()
testRunner.testCase.testSuite.setPropertyValue("ownerCity",ownerCity)
 log.info("ownerCity Is:" + ownerCity)
ownerName=workbook.getSheet(0).getCell(104,i).getContents()
testRunner.testCase.testSuite.setPropertyValue("ownerName",ownerName)
 log.info("ownerName Is:" + ownerName)
ownerPhone=workbook.getSheet(0).getCell(105,i).getContents()
testRunner.testCase.testSuite.setPropertyValue("ownerPhone",ownerPhone)
 log.info("ownerPhone Is:" + ownerPhone)
ownerState=workbook.getSheet(0).getCell(106,i).getContents()
testRunner.testCase.testSuite.setPropertyValue("ownerState",ownerState)
 log.info("ownerState Is:" + ownerState)
ownerZip=workbook.getSheet(0).getCell(107,i).getContents()
testRunner.testCase.testSuite.setPropertyValue("ownerZip",ownerZip)
 log.info("ownerZip Is:" + ownerZip)
parentAccountNo=workbook.getSheet(0).getCell(108,i).getContents()
testRunner.testCase.testSuite.setPropertyValue("parentAccountNo",parentAccountNo)
 log.info("parentAccountNo Is:" + parentAccountNo)
parentAddress1=workbook.getSheet(0).getCell(109,i).getContents()
testRunner.testCase.testSuite.setPropertyValue("parentAddress1",parentAddress1)
 log.info("parentAddress1 Is:" + parentAddress1)
parentCity=workbook.getSheet(0).getCell(110,i).getContents()
testRunner.testCase.testSuite.setPropertyValue("parentCity",parentCity)
 log.info("parentCity Is:" + parentCity)
parentCompanyName=workbook.getSheet(0).getCell(111,i).getContents()
testRunner.testCase.testSuite.setPropertyValue("parentCompanyName",parentCompanyName)
 log.info("parentCompanyName Is:" + parentCompanyName)
parentExt=workbook.getSheet(0).getCell(112,i).getContents()
testRunner.testCase.testSuite.setPropertyValue("parentExt",parentExt)
 log.info("parentExt Is:" + parentExt)
parentFaxNo=workbook.getSheet(0).getCell(113,i).getContents()
testRunner.testCase.testSuite.setPropertyValue("parentFaxNo",parentFaxNo)
 log.info("parentFaxNo Is:" + parentFaxNo)
parentOrgAddress2=workbook.getSheet(0).getCell(114,i).getContents()
testRunner.testCase.testSuite.setPropertyValue("parentOrgAddress2",parentOrgAddress2)
 log.info("parentOrgAddress2 Is:" + parentOrgAddress2)
parentPhoneNo=workbook.getSheet(0).getCell(115,i).getContents()
testRunner.testCase.testSuite.setPropertyValue("parentPhoneNo",parentPhoneNo)
 log.info("parentPhoneNo Is:" + parentPhoneNo)
parentState=workbook.getSheet(0).getCell(116,i).getContents()
testRunner.testCase.testSuite.setPropertyValue("parentState",parentState)
 log.info("parentState Is:" + parentState)
parentZip=workbook.getSheet(0).getCell(117,i).getContents()
testRunner.testCase.testSuite.setPropertyValue("parentZip",parentZip)
 log.info("parentZip Is:" + parentZip)
passCode=workbook.getSheet(0).getCell(118,i).getContents()
testRunner.testCase.testSuite.setPropertyValue("passCode",passCode)
 log.info("passCode Is:" + passCode)
pgAddress1=workbook.getSheet(0).getCell(119,i).getContents()
testRunner.testCase.testSuite.setPropertyValue("pgAddress1",pgAddress1)
 log.info("pgAddress1 Is:" + pgAddress1)
pgCity=workbook.getSheet(0).getCell(120,i).getContents()
testRunner.testCase.testSuite.setPropertyValue("pgCity",pgCity)
 log.info("pgCity Is:" + pgCity)
pgFinancialInstCity=workbook.getSheet(0).getCell(121,i).getContents()
testRunner.testCase.testSuite.setPropertyValue("pgFinancialInstCity",pgFinancialInstCity)
 log.info("pgFinancialInstCity Is:" + pgFinancialInstCity)
pgFinancialInstPhone=workbook.getSheet(0).getCell(122,i).getContents()
testRunner.testCase.testSuite.setPropertyValue("pgFinancialInstPhone",pgFinancialInstPhone)
 log.info("pgFinancialInstPhone Is:" + pgFinancialInstPhone)
pgFinancialInstState=workbook.getSheet(0).getCell(123,i).getContents()
testRunner.testCase.testSuite.setPropertyValue("pgFinancialInstState",pgFinancialInstState)
 log.info("pgFinancialInstState Is:" + pgFinancialInstState)
pgSsn=workbook.getSheet(0).getCell(124,i).getContents()
testRunner.testCase.testSuite.setPropertyValue("pgSsn",pgSsn)
 log.info("pgSsn Is:" + pgSsn)
pgState=workbook.getSheet(0).getCell(125,i).getContents()
testRunner.testCase.testSuite.setPropertyValue("pgState",pgState)
 log.info("pgState Is:" + pgState)
pgTitle=workbook.getSheet(0).getCell(126,i).getContents()
testRunner.testCase.testSuite.setPropertyValue("pgTitle",pgTitle)
 log.info("pgTitle Is:" + pgTitle)
pgapplicantIncome=workbook.getSheet(0).getCell(127,i).getContents()
testRunner.testCase.testSuite.setPropertyValue("pgapplicantIncome",pgapplicantIncome)
 log.info("pgapplicantIncome Is:" + pgapplicantIncome)
pgdateOfBirth=workbook.getSheet(0).getCell(128,i).getContents()
testRunner.testCase.testSuite.setPropertyValue("pgdateOfBirth",pgdateOfBirth)
 log.info("pgdateOfBirth Is:" + pgdateOfBirth)
pgemailAddress=workbook.getSheet(0).getCell(129,i).getContents()
testRunner.testCase.testSuite.setPropertyValue("pgemailAddress",pgemailAddress)
 log.info("pgemailAddress Is:" + pgemailAddress)
pgfirstName=workbook.getSheet(0).getCell(130,i).getContents()
testRunner.testCase.testSuite.setPropertyValue("pgfirstName",pgfirstName)
 log.info("pgfirstName Is:" + pgfirstName)
pghomePhone=workbook.getSheet(0).getCell(131,i).getContents()
testRunner.testCase.testSuite.setPropertyValue("pghomePhone",pghomePhone)
 log.info("pghomePhone Is:" + pghomePhone)
pglastName=workbook.getSheet(0).getCell(132,i).getContents()
testRunner.testCase.testSuite.setPropertyValue("pglastName",pglastName)
 log.info("pglastName Is:" + pglastName)
pgmiddleName=workbook.getSheet(0).getCell(133,i).getContents()
testRunner.testCase.testSuite.setPropertyValue("pgmiddleName",pgmiddleName)
 log.info("pgmiddleName Is:" + pgmiddleName)
pgprivateGuarantorFlag=workbook.getSheet(0).getCell(134,i).getContents()
testRunner.testCase.testSuite.setPropertyValue("pgprivateGuarantorFlag",pgprivateGuarantorFlag)
 log.info("pgprivateGuarantorFlag Is:" + pgprivateGuarantorFlag)
pgzipCode=workbook.getSheet(0).getCell(135,i).getContents()
testRunner.testCase.testSuite.setPropertyValue("pgzipCode",pgzipCode)
 log.info("pgzipCode Is:" + pgzipCode)
poNumberReq=workbook.getSheet(0).getCell(136,i).getContents()
testRunner.testCase.testSuite.setPropertyValue("poNumberReq",poNumberReq)
 log.info("poNumberReq Is:" + poNumberReq)
prevAddress1=workbook.getSheet(0).getCell(137,i).getContents()
testRunner.testCase.testSuite.setPropertyValue("prevAddress1",prevAddress1)
 log.info("prevAddress1 Is:" + prevAddress1)
prevAddress2=workbook.getSheet(0).getCell(138,i).getContents()
testRunner.testCase.testSuite.setPropertyValue("prevAddress2",prevAddress2)
 log.info("prevAddress2 Is:" + prevAddress2)
prevCity=workbook.getSheet(0).getCell(139,i).getContents()
testRunner.testCase.testSuite.setPropertyValue("prevCity",prevCity)
 log.info("prevCity Is:" + prevCity)
prevState=workbook.getSheet(0).getCell(140,i).getContents()
testRunner.testCase.testSuite.setPropertyValue("prevState",prevState)
 log.info("prevState Is:" + prevState)
prevZip=workbook.getSheet(0).getCell(141,i).getContents()
testRunner.testCase.testSuite.setPropertyValue("prevZip",prevZip)
 log.info("prevZip Is:" + prevZip)
primaryBankName=workbook.getSheet(0).getCell(142,i).getContents()
testRunner.testCase.testSuite.setPropertyValue("primaryBankName",primaryBankName)
 log.info("primaryBankName Is:" + primaryBankName)
primaryBankPhoneNo=workbook.getSheet(0).getCell(143,i).getContents()
testRunner.testCase.testSuite.setPropertyValue("primaryBankPhoneNo",primaryBankPhoneNo)
 log.info("primaryBankPhoneNo Is:" + primaryBankPhoneNo)
primaryIdNumber=workbook.getSheet(0).getCell(144,i).getContents()
testRunner.testCase.testSuite.setPropertyValue("primaryIdNumber",primaryIdNumber)
 log.info("primaryIdNumber Is:" + primaryIdNumber)
productCode=workbook.getSheet(0).getCell(145,i).getContents()
testRunner.testCase.testSuite.setPropertyValue("productCode",productCode)
 log.info("productCode Is:" + productCode)
productType=workbook.getSheet(0).getCell(146,i).getContents()
testRunner.testCase.testSuite.setPropertyValue("productType",productType)
 log.info("productType Is:" + productType)
projectAddress=workbook.getSheet(0).getCell(147,i).getContents()
testRunner.testCase.testSuite.setPropertyValue("projectAddress",projectAddress)
 log.info("projectAddress Is:" + projectAddress)
projectCity=workbook.getSheet(0).getCell(148,i).getContents()
testRunner.testCase.testSuite.setPropertyValue("projectCity",projectCity)
 log.info("projectCity Is:" + projectCity)
projectIDNumber=workbook.getSheet(0).getCell(149,i).getContents()
testRunner.testCase.testSuite.setPropertyValue("projectIDNumber",projectIDNumber)
 log.info("projectIDNumber Is:" + projectIDNumber)
projectName=workbook.getSheet(0).getCell(150,i).getContents()
testRunner.testCase.testSuite.setPropertyValue("projectName",projectName)
 log.info("projectName Is:" + projectName)
projectReference=workbook.getSheet(0).getCell(151,i).getContents()
testRunner.testCase.testSuite.setPropertyValue("projectReference",projectReference)
 log.info("projectReference Is:" + projectReference)
projectState=workbook.getSheet(0).getCell(152,i).getContents()
testRunner.testCase.testSuite.setPropertyValue("projectState",projectState)
 log.info("projectState Is:" + projectState)
projectZip=workbook.getSheet(0).getCell(153,i).getContents()
testRunner.testCase.testSuite.setPropertyValue("projectZip",projectZip)
 log.info("projectZip Is:" + projectZip)
promoCode=workbook.getSheet(0).getCell(154,i).getContents()
testRunner.testCase.testSuite.setPropertyValue("promoCode",promoCode)
 log.info("promoCode Is:" + promoCode)
promoTrackingCode=workbook.getSheet(0).getCell(155,i).getContents()
testRunner.testCase.testSuite.setPropertyValue("promoTrackingCode",promoTrackingCode)
 log.info("promoTrackingCode Is:" + promoTrackingCode)
queueIndFL=workbook.getSheet(0).getCell(156,i).getContents()
testRunner.testCase.testSuite.setPropertyValue("queueIndFL",queueIndFL)
 log.info("queueIndFL Is:" + queueIndFL)
registerDate=workbook.getSheet(0).getCell(157,i).getContents()
testRunner.testCase.testSuite.setPropertyValue("registerDate",registerDate)
 log.info("registerDate Is:" + registerDate)
reissueDate=workbook.getSheet(0).getCell(158,i).getContents()
testRunner.testCase.testSuite.setPropertyValue("reissueDate",reissueDate)
 log.info("reissueDate Is:" + reissueDate)
reoccurInstallment=workbook.getSheet(0).getCell(159,i).getContents()
testRunner.testCase.testSuite.setPropertyValue("reoccurInstallment",reoccurInstallment)
 log.info("reoccurInstallment Is:" + reoccurInstallment)
residenceCode=workbook.getSheet(0).getCell(160,i).getContents()
testRunner.testCase.testSuite.setPropertyValue("residenceCode",residenceCode)
 log.info("residenceCode Is:" + residenceCode)
riskLevel=workbook.getSheet(0).getCell(161,i).getContents()
testRunner.testCase.testSuite.setPropertyValue("riskLevel",riskLevel)
 log.info("riskLevel Is:" + riskLevel)
salesPersonNo=workbook.getSheet(0).getCell(162,i).getContents()
testRunner.testCase.testSuite.setPropertyValue("salesPersonNo",salesPersonNo)
 log.info("salesPersonNo Is:" + salesPersonNo)
securityPin=workbook.getSheet(0).getCell(163,i).getContents()
testRunner.testCase.testSuite.setPropertyValue("securityPin",securityPin)
 log.info("securityPin Is:" + securityPin)
singleSaleLimit=workbook.getSheet(0).getCell(164,i).getContents()
testRunner.testCase.testSuite.setPropertyValue("singleSaleLimit",singleSaleLimit)
 log.info("singleSaleLimit Is:" + singleSaleLimit)
sourceCode=workbook.getSheet(0).getCell(165,i).getContents()
testRunner.testCase.testSuite.setPropertyValue("sourceCode",sourceCode)
 log.info("sourceCode Is:" + sourceCode)
specialProcessingCode=workbook.getSheet(0).getCell(166,i).getContents()
testRunner.testCase.testSuite.setPropertyValue("specialProcessingCode",specialProcessingCode)
 log.info("specialProcessingCode Is:" + specialProcessingCode)
specialPurchaseInstructions=workbook.getSheet(0).getCell(167,i).getContents()
testRunner.testCase.testSuite.setPropertyValue("specialPurchaseInstructions",specialPurchaseInstructions)
 log.info("specialPurchaseInstructions Is:" + specialPurchaseInstructions)
ssnOverrideFlag=workbook.getSheet(0).getCell(168,i).getContents()
testRunner.testCase.testSuite.setPropertyValue("ssnOverrideFlag",ssnOverrideFlag)
 log.info("ssnOverrideFlag Is:" + ssnOverrideFlag)
taxExemptFlag=workbook.getSheet(0).getCell(169,i).getContents()
testRunner.testCase.testSuite.setPropertyValue("taxExemptFlag",taxExemptFlag)
 log.info("taxExemptFlag Is:" + taxExemptFlag)
taxNumber=workbook.getSheet(0).getCell(170,i).getContents()
testRunner.testCase.testSuite.setPropertyValue("taxNumber",taxNumber)
 log.info("taxNumber Is:" + taxNumber)
tempAccount=workbook.getSheet(0).getCell(171,i).getContents()
testRunner.testCase.testSuite.setPropertyValue("tempAccount",tempAccount)
 log.info("tempAccount Is:" + tempAccount)
tempClExpDate=workbook.getSheet(0).getCell(172,i).getContents()
testRunner.testCase.testSuite.setPropertyValue("tempClExpDate",tempClExpDate)
 log.info("tempClExpDate Is:" + tempClExpDate)
temporaryCreditLine=workbook.getSheet(0).getCell(173,i).getContents()
testRunner.testCase.testSuite.setPropertyValue("temporaryCreditLine",temporaryCreditLine)
 log.info("temporaryCreditLine Is:" + temporaryCreditLine)
timeAtHome=workbook.getSheet(0).getCell(174,i).getContents()
testRunner.testCase.testSuite.setPropertyValue("timeAtHome",timeAtHome)
 log.info("timeAtHome Is:" + timeAtHome)
trade1Name=workbook.getSheet(0).getCell(175,i).getContents()
testRunner.testCase.testSuite.setPropertyValue("trade1Name",trade1Name)
 log.info("trade1Name Is:" + trade1Name)
trade1PhoneNo=workbook.getSheet(0).getCell(176,i).getContents()
testRunner.testCase.testSuite.setPropertyValue("trade1PhoneNo",trade1PhoneNo)
 log.info("trade1PhoneNo Is:" + trade1PhoneNo)
trade2Name=workbook.getSheet(0).getCell(177,i).getContents()
testRunner.testCase.testSuite.setPropertyValue("trade2Name",trade2Name)
 log.info("trade2Name Is:" + trade2Name)
trade2PhoneNo=workbook.getSheet(0).getCell(178,i).getContents()
testRunner.testCase.testSuite.setPropertyValue("trade2PhoneNo",trade2PhoneNo)
 log.info("trade2PhoneNo Is:" + trade2PhoneNo)
trade3Name=workbook.getSheet(0).getCell(179,i).getContents()
testRunner.testCase.testSuite.setPropertyValue("trade3Name",trade3Name)
 log.info("trade3Name Is:" + trade3Name)
trade3PhoneNo=workbook.getSheet(0).getCell(180,i).getContents()
testRunner.testCase.testSuite.setPropertyValue("trade3PhoneNo",trade3PhoneNo)
 log.info("trade3PhoneNo Is:" + trade3PhoneNo)
trade4Name=workbook.getSheet(0).getCell(181,i).getContents()
testRunner.testCase.testSuite.setPropertyValue("trade4Name",trade4Name)
 log.info("trade4Name Is:" + trade4Name)
trade4PhoneNo=workbook.getSheet(0).getCell(182,i).getContents()
testRunner.testCase.testSuite.setPropertyValue("trade4PhoneNo",trade4PhoneNo)
 log.info("trade4PhoneNo Is:" + trade4PhoneNo)
tradeContactName1=workbook.getSheet(0).getCell(183,i).getContents()
testRunner.testCase.testSuite.setPropertyValue("tradeContactName1",tradeContactName1)
 log.info("tradeContactName1 Is:" + tradeContactName1)
tradeContactName2=workbook.getSheet(0).getCell(184,i).getContents()
testRunner.testCase.testSuite.setPropertyValue("tradeContactName2",tradeContactName2)
 log.info("tradeContactName2 Is:" + tradeContactName2)
tradeRef1PhoneExt=workbook.getSheet(0).getCell(185,i).getContents()
testRunner.testCase.testSuite.setPropertyValue("tradeRef1PhoneExt",tradeRef1PhoneExt)
 log.info("tradeRef1PhoneExt Is:" + tradeRef1PhoneExt)
userFlag1_4=workbook.getSheet(0).getCell(186,i).getContents()
testRunner.testCase.testSuite.setPropertyValue("userFlag1_4",userFlag1_4)
 log.info("userFlag1_4 Is:" + userFlag1_4)
userIp=workbook.getSheet(0).getCell(187,i).getContents()
testRunner.testCase.testSuite.setPropertyValue("userIp",userIp)
 log.info("userIp Is:" + userIp)
address2_beneficial=workbook.getSheet(0).getCell(188,i).getContents()
testRunner.testCase.testSuite.setPropertyValue("address2_beneficial",address2_beneficial)
 log.info("address2_beneficial Is:" + address2_beneficial)
city_beneficial=workbook.getSheet(0).getCell(189,i).getContents()
testRunner.testCase.testSuite.setPropertyValue("city_beneficial",city_beneficial)
 log.info("city_beneficial Is:" + city_beneficial)
countryCode_beneficial=workbook.getSheet(0).getCell(190,i).getContents()
testRunner.testCase.testSuite.setPropertyValue("countryCode_beneficial",countryCode_beneficial)
 log.info("countryCode_beneficial Is:" + countryCode_beneficial)
countryIssuance_beneficial=workbook.getSheet(0).getCell(191,i).getContents()
testRunner.testCase.testSuite.setPropertyValue("countryIssuance_beneficial",countryIssuance_beneficial)
 log.info("countryIssuance_beneficial Is:" + countryIssuance_beneficial)
dob_beneficial=workbook.getSheet(0).getCell(192,i).getContents()
testRunner.testCase.testSuite.setPropertyValue("dob_beneficial",dob_beneficial)
 log.info("dob_beneficial Is:" + dob_beneficial)
expiryDate_beneficial=workbook.getSheet(0).getCell(193,i).getContents()
testRunner.testCase.testSuite.setPropertyValue("expiryDate_beneficial",expiryDate_beneficial)
 log.info("expiryDate_beneficial Is:" + expiryDate_beneficial)
firstName_beneficial=workbook.getSheet(0).getCell(194,i).getContents()
testRunner.testCase.testSuite.setPropertyValue("firstName_beneficial",firstName_beneficial)
 log.info("firstName_beneficial Is:" + firstName_beneficial)
homeAddress_beneficial=workbook.getSheet(0).getCell(195,i).getContents()
testRunner.testCase.testSuite.setPropertyValue("homeAddress_beneficial",homeAddress_beneficial)
 log.info("homeAddress_beneficial Is:" + homeAddress_beneficial)
identityNo_beneficial=workbook.getSheet(0).getCell(196,i).getContents()
testRunner.testCase.testSuite.setPropertyValue("identityNo_beneficial",identityNo_beneficial)
 log.info("identityNo_beneficial Is:" + identityNo_beneficial)
issueDate_beneficial=workbook.getSheet(0).getCell(197,i).getContents()
testRunner.testCase.testSuite.setPropertyValue("issueDate_beneficial",issueDate_beneficial)
 log.info("issueDate_beneficial Is:" + issueDate_beneficial)
lastName_beneficial=workbook.getSheet(0).getCell(198,i).getContents()
testRunner.testCase.testSuite.setPropertyValue("lastName_beneficial",lastName_beneficial)
 log.info("lastName_beneficial Is:" + lastName_beneficial)
legalDesc_beneficial=workbook.getSheet(0).getCell(199,i).getContents()
testRunner.testCase.testSuite.setPropertyValue("legalDesc_beneficial",legalDesc_beneficial)
 log.info("legalDesc_beneficial Is:" + legalDesc_beneficial)
middleName_beneficial=workbook.getSheet(0).getCell(200,i).getContents()
testRunner.testCase.testSuite.setPropertyValue("middleName_beneficial",middleName_beneficial)
 log.info("middleName_beneficial Is:" + middleName_beneficial)
ownerIndicator_beneficial=workbook.getSheet(0).getCell(201,i).getContents()
testRunner.testCase.testSuite.setPropertyValue("ownerIndicator_beneficial",ownerIndicator_beneficial)
 log.info("ownerIndicator_beneficial Is:" + ownerIndicator_beneficial)
ssn_beneficial=workbook.getSheet(0).getCell(202,i).getContents()
testRunner.testCase.testSuite.setPropertyValue("ssn_beneficial",ssn_beneficial)
 log.info("ssn_beneficial Is:" + ssn_beneficial)
state_beneficial=workbook.getSheet(0).getCell(203,i).getContents()
testRunner.testCase.testSuite.setPropertyValue("state_beneficial",state_beneficial)
 log.info("state_beneficial Is:" + state_beneficial)
title_beneficial=workbook.getSheet(0).getCell(204,i).getContents()
testRunner.testCase.testSuite.setPropertyValue("title_beneficial",title_beneficial)
 log.info("title_beneficial Is:" + title_beneficial)
usCitizen_beneficial=workbook.getSheet(0).getCell(205,i).getContents()
testRunner.testCase.testSuite.setPropertyValue("usCitizen_beneficial",usCitizen_beneficial)
 log.info("usCitizen_beneficial Is:" + usCitizen_beneficial)
zip_beneficial=workbook.getSheet(0).getCell(206,i).getContents()
testRunner.testCase.testSuite.setPropertyValue("zip_beneficial",zip_beneficial)
 log.info("zip_beneficial Is:" + zip_beneficial)
address2_Owner=workbook.getSheet(0).getCell(207,i).getContents()
testRunner.testCase.testSuite.setPropertyValue("address2_Owner",address2_Owner)
 log.info("address2_Owner Is:" + address2_Owner)
ssn_Owner=workbook.getSheet(0).getCell(208,i).getContents()
testRunner.testCase.testSuite.setPropertyValue("ssn_Owner",ssn_Owner)
 log.info("ssn_Owner Is:" + ssn_Owner)
state_Owner=workbook.getSheet(0).getCell(209,i).getContents()
testRunner.testCase.testSuite.setPropertyValue("state_Owner",state_Owner)
 log.info("state_Owner Is:" + state_Owner)
usCitizen_Owner=workbook.getSheet(0).getCell(210,i).getContents()
testRunner.testCase.testSuite.setPropertyValue("usCitizen_Owner",usCitizen_Owner)
 log.info("usCitizen_Owner Is:" + usCitizen_Owner)
zip_Owner=workbook.getSheet(0).getCell(211,i).getContents()
testRunner.testCase.testSuite.setPropertyValue("zip_Owner",zip_Owner)
 log.info("zip_Owner Is:" + zip_Owner)
city_Owner=workbook.getSheet(0).getCell(212,i).getContents()
testRunner.testCase.testSuite.setPropertyValue("city_Owner",city_Owner)
 log.info("city_Owner Is:" + city_Owner)
countryCode_Owner=workbook.getSheet(0).getCell(213,i).getContents()
testRunner.testCase.testSuite.setPropertyValue("countryCode_Owner",countryCode_Owner)
 log.info("countryCode_Owner Is:" + countryCode_Owner)
countryIssuance_Owner=workbook.getSheet(0).getCell(214,i).getContents()
testRunner.testCase.testSuite.setPropertyValue("countryIssuance_Owner",countryIssuance_Owner)
 log.info("countryIssuance_Owner Is:" + countryIssuance_Owner)
dob_Owner=workbook.getSheet(0).getCell(215,i).getContents()
testRunner.testCase.testSuite.setPropertyValue("dob_Owner",dob_Owner)
 log.info("dob_Owner Is:" + dob_Owner)
expiryDate_Owner=workbook.getSheet(0).getCell(216,i).getContents()
testRunner.testCase.testSuite.setPropertyValue("expiryDate_Owner",expiryDate_Owner)
 log.info("expiryDate_Owner Is:" + expiryDate_Owner)
firstName_Owner=workbook.getSheet(0).getCell(217,i).getContents()
testRunner.testCase.testSuite.setPropertyValue("firstName_Owner",firstName_Owner)
 log.info("firstName_Owner Is:" + firstName_Owner)
homeAddress_Owner=workbook.getSheet(0).getCell(218,i).getContents()
testRunner.testCase.testSuite.setPropertyValue("homeAddress_Owner",homeAddress_Owner)
 log.info("homeAddress_Owner Is:" + homeAddress_Owner)
identityNo_Owner=workbook.getSheet(0).getCell(219,i).getContents()
testRunner.testCase.testSuite.setPropertyValue("identityNo_Owner",identityNo_Owner)
 log.info("identityNo_Owner Is:" + identityNo_Owner)
issueDate_Owner=workbook.getSheet(0).getCell(220,i).getContents()
testRunner.testCase.testSuite.setPropertyValue("issueDate_Owner",issueDate_Owner)
 log.info("issueDate_Owner Is:" + issueDate_Owner)
lastName_Owner=workbook.getSheet(0).getCell(221,i).getContents()
testRunner.testCase.testSuite.setPropertyValue("lastName_Owner",lastName_Owner)
 log.info("lastName_Owner Is:" + lastName_Owner)
legalDesc_Owner=workbook.getSheet(0).getCell(222,i).getContents()
testRunner.testCase.testSuite.setPropertyValue("legalDesc_Owner",legalDesc_Owner)
 log.info("legalDesc_Owner Is:" + legalDesc_Owner)
middleName_Owner=workbook.getSheet(0).getCell(223,i).getContents()
testRunner.testCase.testSuite.setPropertyValue("middleName_Owner",middleName_Owner)
 log.info("middleName_Owner Is:" + middleName_Owner)
ownerIndicator_Owner=workbook.getSheet(0).getCell(224,i).getContents()
testRunner.testCase.testSuite.setPropertyValue("ownerIndicator_Owner",ownerIndicator_Owner)
 log.info("ownerIndicator_Owner Is:" + ownerIndicator_Owner)



		
		AccStatusMessage=workbook.getSheet(0).getCell(225,i).getContents()	
		testRunner.testCase.testSuite.setPropertyValue("AccStatusMessage",AccStatusMessage)	 
		log.info("AccStatusMessage Is:" + AccStatusMessage)

	
        	def testStep = testRunner.testCase.testSteps['BRC']		// To Execute the script using Test Step 
		testStep.run(testRunner,context)

// **********************To get the response from the REST****************************//
		def slurper = new JsonSlurper()
		def response = context.expand('${BRC#Response}')
		def jsonRes = slurper.parseText(response)
		log.info "JSon Response Outputs"
		log.info "*************************************************************"
					
		log.info jsonRes.transactionId	//Reading the different attributes of Response in the Log Output()
		log.info jsonRes.responseCode	
		log.info jsonRes.responseText	
		log.info jsonRes.keyCode
		log.info jsonRes.geccAccountNo
		log.info jsonRes.creditLine
		log.info jsonRes.companyName
		log.info jsonRes.companyAddress1
		log.info jsonRes.companyCity
		log.info jsonRes.companyState
		log.info jsonRes.companyZip
		log.info jsonRes.dcsProdCode
		log.info jsonRes.frnLangInd
		log.info jsonRes.doingBusinessAs
		log.info jsonRes.securityCode
		//log.info jsonRes.errorList
		
		def transactionId1 = jsonRes. transactionId			// Taking the Response and Assigning to the temp variables
		def responseCode1 = jsonRes. responseCode
		def responseText1 = jsonRes. responseText
		def keyCode1 = jsonRes. keyCode
		def geccAccountNo1 = jsonRes.geccAccountNo
		def creditLine1 = jsonRes.creditLine
		def companyName1 = jsonRes.companyName
		def companyAddress11 = jsonRes.companyAddress1
		def companyCity1= jsonRes.companyCity
		def companyState1 = jsonRes.companyState
		def companyZip1 = jsonRes.companyZip
		def dcsProdCode1 = jsonRes.dcsProdCode
		def frnLangInd1 = jsonRes.frnLangInd
		def doingBusinessAs1 = jsonRes.doingBusinessAs
		def securityCode1 = jsonRes.securityCode
		
		Label label1 = new Label(226, i, transactionId1);    // column=0=A,row=0=1,variable_name
		sheet2.addCell(label1);
		Label label2 = new Label(227, i, responseCode1); 	  // Writing the output values to the excel
		sheet2.addCell(label2);
		Label label3 = new Label(228, i, responseText1); 
		sheet2.addCell(label3);
		Label label4 = new Label(229, i, keyCode1); 
		sheet2.addCell(label4);	
		Label label5 = new Label(230, i, geccAccountNo1); 
		sheet2.addCell(label5);	
		Label label6 = new Label(231, i, creditLine1); 
		sheet2.addCell(label6);	
		Label label7 = new Label(232, i, companyName1); 
		sheet2.addCell(label7);	
		Label label8 = new Label(233, i, companyAddress11); 
		sheet2.addCell(label8);	
		Label label9 = new Label(234, i, companyCity1); 
		sheet2.addCell(label9);	
		Label label10 = new Label(235, i, companyState1); 
		sheet2.addCell(label10);	
		Label label11 = new Label(236, i, companyZip1); 
		sheet2.addCell(label11);	
		Label label12 = new Label(237, i, dcsProdCode1); 
		sheet2.addCell(label12);	
		Label label13 = new Label(238, i, frnLangInd1); 
		sheet2.addCell(label13);	
		Label label14 = new Label(239, i, doingBusinessAs1); 
		sheet2.addCell(label14);	
		Label label15 = new Label(240, i, securityCode1); 
		sheet2.addCell(label15);	
	
			
		

		if (AccStatusMessage.equalsIgnoreCase(responseText1))					// Compairing the Result values 
			{
				Label label23 = new Label(241, i, "Passed");
				sheet2.addCell(label23);
			}
		else
			{
				Label label23 = new Label(241, i, "Failed");
				sheet2.addCell(label23);
			}				
	 }
	else
	 {
		continue
		//com.eviware.soapui.support.UISupport.showInfoMessage('Execution Flay is not set to Y OR N ')
		//break;
	 }
	 
callingLog(i,testCaseName)
}
copy.write();
copy.close();          
workbook.close()


//**************Creating The Log for each test cases***************************//

public void callingLog( rowNumber, testCaseNo)
	{
	
	def logArea = com.eviware.soapui.SoapUI.logMonitor.getLogArea( "http log" );

	def groovyUtils = new com.eviware.soapui.support.GroovyUtils(context) 
	def projectPath = groovyUtils.projectPath 
	//String time = new SimpleDateFormat("yyyy_MM_dd_HH_mm_ss").format(new Date())
	def time = (new Date().format("yyyy-MM-dd-HH-mm-ss"))
	def logFile = new File("H:/BRCServices/Logs/"+ testCaseNo+"_"+rowNumber+"_"+time+".txt")
	//This is the first line in the soapUI log file.

	
	logFile.write("soapUI Logs In a file.\r\n"+"RowNumber: "+rowNumber+"\n testCaseNumber: "+testCaseNo+"\r\n")
   if( logArea !=null )
   {
       def model = logArea.model
       if( model.size > 0 )            
         for( c in 0..(model.size-1) )         
           logFile.append(model.getElementAt( c ).toString()+"\r\n")       
      
   }
   com.eviware.soapui.SoapUI.logMonitor.getLogArea("SoapUI log").clear()
	com.eviware.soapui.SoapUI.logMonitor.getLogArea("http log").clear() 
	
	}

//*******************************************************End Groovy step*******************************************************************//

com.eviware.soapui.support.UISupport.showInfoMessage('BRC Services Execution succesfully completed')
</script></con:config></con:testStep><con:properties/></con:testCase><con:properties><con:property><con:name>testCaseName</con:name><con:value>Lowes mPos BRC_Application Response_Fincen_GPX Flag_Blank_Declined</con:value></con:property><con:property><con:name>clientData</con:name><con:value/></con:property><con:property><con:name>clientId</con:name><con:value>lowes brc</con:value></con:property><con:property><con:name>country</con:name><con:value>US</con:value></con:property><con:property><con:name>deviceType</con:name><con:value>T</con:value></con:property><con:property><con:name>internalPollingFlag</con:name><con:value/></con:property><con:property><con:name>merchantNumber</con:name><con:value>0000000000000001</con:value></con:property><con:property><con:name>operator</con:name><con:value>ECOM</con:value></con:property><con:property><con:name>primaryGroup</con:name><con:value/></con:property><con:property><con:name>register</con:name><con:value>REGISTER</con:value></con:property><con:property><con:name>secondaryGroup</con:name><con:value/></con:property><con:property><con:name>accountNumberDigits</con:name><con:value/></con:property><con:property><con:name>alternatePhoneContact</con:name><con:value/></con:property><con:property><con:name>annualRevenue</con:name><con:value/></con:property><con:property><con:name>applicantEmailAddress</con:name><con:value/></con:property><con:property><con:name>applicationSignedCode</con:name><con:value/></con:property><con:property><con:name>authBuyer</con:name><con:value>Birlasoft</con:value></con:property><con:property><con:name>authMemberNumber</con:name><con:value>null</con:value></con:property><con:property><con:name>authRepFirstName</con:name><con:value>2</con:value></con:property><con:property><con:name>authRepLastName</con:name><con:value>null</con:value></con:property><con:property><con:name>authRepMI</con:name><con:value/></con:property><con:property><con:name>authRepPhotoIDExp</con:name><con:value/></con:property><con:property><con:name>authRepPhotoIDState</con:name><con:value/></con:property><con:property><con:name>authRepSecondaryIDExp</con:name><con:value/></con:property><con:property><con:name>authRepSecondaryIDNumber</con:name><con:value/></con:property><con:property><con:name>authRepSecondaryIDState</con:name><con:value/></con:property><con:property><con:name>authRepTitle</con:name><con:value/></con:property><con:property><con:name>authorizationCardReq</con:name><con:value/></con:property><con:property><con:name>authorizedSsn</con:name><con:value/></con:property><con:property><con:name>bankAddress</con:name><con:value/></con:property><con:property><con:name>bankBondNumber</con:name><con:value/></con:property><con:property><con:name>bankBranch</con:name><con:value/></con:property><con:property><con:name>bankCardNo</con:name><con:value/></con:property><con:property><con:name>bankCardType</con:name><con:value/></con:property><con:property><con:name>bankCity</con:name><con:value/></con:property><con:property><con:name>bankName</con:name><con:value/></con:property><con:property><con:name>bankPhoneExt</con:name><con:value/></con:property><con:property><con:name>bankState</con:name><con:value/></con:property><con:property><con:name>bankZipcode</con:name><con:value/></con:property><con:property><con:name>billContact</con:name><con:value>DSSIM TEST CASE</con:value></con:property><con:property><con:name>billingAddress1</con:name><con:value/></con:property><con:property><con:name>billingAddress2</con:name><con:value/></con:property><con:property><con:name>billingCity</con:name><con:value/></con:property><con:property><con:name>billingFaxExt</con:name><con:value/></con:property><con:property><con:name>billingFaxNo</con:name><con:value/></con:property><con:property><con:name>billingPhoneNo</con:name><con:value/></con:property><con:property><con:name>billingState</con:name><con:value/></con:property><con:property><con:name>billingZip</con:name><con:value/></con:property><con:property><con:name>bureauPhoneNumber</con:name><con:value/></con:property><con:property><con:name>busFinancialInstCity</con:name><con:value/></con:property><con:property><con:name>busFinancialInstState</con:name><con:value/></con:property><con:property><con:name>businessPhone</con:name><con:value/></con:property><con:property><con:name>businessSicCode</con:name><con:value/></con:property><con:property><con:name>businessStartedMonth</con:name><con:value/></con:property><con:property><con:name>businessTypeCode</con:name><con:value>1</con:value></con:property><con:property><con:name>checkingAccountNumber</con:name><con:value/></con:property><con:property><con:name>comment</con:name><con:value/></con:property><con:property><con:name>companyAddress1</con:name><con:value>44 HILLSIDE AVE</con:value></con:property><con:property><con:name>companyAddress2</con:name><con:value/></con:property><con:property><con:name>companyCity</con:name><con:value>MANHASSET</con:value></con:property><con:property><con:name>companyFaxNo</con:name><con:value/></con:property><con:property><con:name>companyName</con:name><con:value>KAMALI LEATHER LLC</con:value></con:property><con:property><con:name>companyPhNo</con:name><con:value>5166276505</con:value></con:property><con:property><con:name>companyPhoneExt</con:name><con:value/></con:property><con:property><con:name>companyState</con:name><con:value>NY</con:value></con:property><con:property><con:name>companyZip</con:name><con:value>11030</con:value></con:property><con:property><con:name>creditLineRequested</con:name><con:value>51000</con:value></con:property><con:property><con:name>crmsData</con:name><con:value/></con:property><con:property><con:name>debtCancelFlag</con:name><con:value/></con:property><con:property><con:name>directdepositAcountBalance</con:name><con:value/></con:property><con:property><con:name>doingBusinessAs</con:name><con:value>Corporation</con:value></con:property><con:property><con:name>drawAccountFlag</con:name><con:value/></con:property><con:property><con:name>dunBradstreet</con:name><con:value>123456789</con:value></con:property><con:property><con:name>edmDateReceived</con:name><con:value/></con:property><con:property><con:name>emailOptIn</con:name><con:value/></con:property><con:property><con:name>experianNumber</con:name><con:value/></con:property><con:property><con:name>externalCreditCardAccount</con:name><con:value/></con:property><con:property><con:name>externalSavingBankAccount</con:name><con:value/></con:property><con:property><con:name>faxNumber</con:name><con:value/></con:property><con:property><con:name>foreignLanguageIndicator</con:name><con:value>N</con:value></con:property><con:property><con:name>genContractAddress</con:name><con:value/></con:property><con:property><con:name>genContractCity</con:name><con:value/></con:property><con:property><con:name>genContractName</con:name><con:value/></con:property><con:property><con:name>genContractNumber</con:name><con:value/></con:property><con:property><con:name>genContractPhone</con:name><con:value/></con:property><con:property><con:name>genContractState</con:name><con:value/></con:property><con:property><con:name>genContractZip</con:name><con:value/></con:property><con:property><con:name>homeLoanFlag</con:name><con:value/></con:property><con:property><con:name>homePhone2</con:name><con:value/></con:property><con:property><con:name>imageDocument</con:name><con:value/></con:property><con:property><con:name>inBusinessSince</con:name><con:value>1972</con:value></con:property><con:property><con:name>introRatesExpiryDate</con:name><con:value/></con:property><con:property><con:name>memberCardType</con:name><con:value/></con:property><con:property><con:name>memberSinceDate</con:name><con:value>07202018</con:value></con:property><con:property><con:name>memberType</con:name><con:value/></con:property><con:property><con:name>merchantSiteId</con:name><con:value/></con:property><con:property><con:name>namePrefix</con:name><con:value/></con:property><con:property><con:name>nameSuffix</con:name><con:value/></con:property><con:property><con:name>newConstruction</con:name><con:value/></con:property><con:property><con:name>noOfCards</con:name><con:value/></con:property><con:property><con:name>numberOfEmployees</con:name><con:value/></con:property><con:property><con:name>ownerAddress</con:name><con:value/></con:property><con:property><con:name>ownerCity</con:name><con:value/></con:property><con:property><con:name>ownerName</con:name><con:value/></con:property><con:property><con:name>ownerPhone</con:name><con:value/></con:property><con:property><con:name>ownerState</con:name><con:value/></con:property><con:property><con:name>ownerZip</con:name><con:value/></con:property><con:property><con:name>parentAccountNo</con:name><con:value/></con:property><con:property><con:name>parentAddress1</con:name><con:value>44 HILLSIDE AVE</con:value></con:property><con:property><con:name>parentCity</con:name><con:value/></con:property><con:property><con:name>parentCompanyName</con:name><con:value/></con:property><con:property><con:name>parentExt</con:name><con:value/></con:property><con:property><con:name>parentFaxNo</con:name><con:value/></con:property><con:property><con:name>parentOrgAddress2</con:name><con:value/></con:property><con:property><con:name>parentPhoneNo</con:name><con:value/></con:property><con:property><con:name>parentState</con:name><con:value/></con:property><con:property><con:name>parentZip</con:name><con:value/></con:property><con:property><con:name>passCode</con:name><con:value/></con:property><con:property><con:name>pgAddress1</con:name><con:value>1211 TERREHAUTE SW</con:value></con:property><con:property><con:name>pgCity</con:name><con:value>DECATUR</con:value></con:property><con:property><con:name>pgFinancialInstCity</con:name><con:value/></con:property><con:property><con:name>pgFinancialInstPhone</con:name><con:value/></con:property><con:property><con:name>pgFinancialInstState</con:name><con:value/></con:property><con:property><con:name>pgSsn</con:name><con:value>666580829</con:value></con:property><con:property><con:name>pgState</con:name><con:value>AL</con:value></con:property><con:property><con:name>pgTitle</con:name><con:value/></con:property><con:property><con:name>pgapplicantIncome</con:name><con:value>2000</con:value></con:property><con:property><con:name>pgdateOfBirth</con:name><con:value>19720101</con:value></con:property><con:property><con:name>pgemailAddress</con:name><con:value/></con:property><con:property><con:name>pgfirstName</con:name><con:value>ADOLPH</con:value></con:property><con:property><con:name>pghomePhone</con:name><con:value>5166276505</con:value></con:property><con:property><con:name>pglastName</con:name><con:value>MARTINEZ JR</con:value></con:property><con:property><con:name>pgmiddleName</con:name><con:value/></con:property><con:property><con:name>pgprivateGuarantorFlag</con:name><con:value/></con:property><con:property><con:name>pgzipCode</con:name><con:value>35601</con:value></con:property><con:property><con:name>poNumberReq</con:name><con:value/></con:property><con:property><con:name>prevAddress1</con:name><con:value/></con:property><con:property><con:name>prevAddress2</con:name><con:value/></con:property><con:property><con:name>prevCity</con:name><con:value/></con:property><con:property><con:name>prevState</con:name><con:value/></con:property><con:property><con:name>prevZip</con:name><con:value/></con:property><con:property><con:name>primaryBankName</con:name><con:value/></con:property><con:property><con:name>primaryBankPhoneNo</con:name><con:value/></con:property><con:property><con:name>primaryIdNumber</con:name><con:value/></con:property><con:property><con:name>productCode</con:name><con:value>099</con:value></con:property><con:property><con:name>productType</con:name><con:value>R</con:value></con:property><con:property><con:name>projectAddress</con:name><con:value/></con:property><con:property><con:name>projectCity</con:name><con:value/></con:property><con:property><con:name>projectIDNumber</con:name><con:value/></con:property><con:property><con:name>projectName</con:name><con:value/></con:property><con:property><con:name>projectReference</con:name><con:value/></con:property><con:property><con:name>projectState</con:name><con:value/></con:property><con:property><con:name>projectZip</con:name><con:value/></con:property><con:property><con:name>promoCode</con:name><con:value/></con:property><con:property><con:name>promoTrackingCode</con:name><con:value/></con:property><con:property><con:name>queueIndFL</con:name><con:value/></con:property><con:property><con:name>registerDate</con:name><con:value/></con:property><con:property><con:name>reissueDate</con:name><con:value>20200303</con:value></con:property><con:property><con:name>reoccurInstallment</con:name><con:value/></con:property><con:property><con:name>residenceCode</con:name><con:value/></con:property><con:property><con:name>riskLevel</con:name><con:value/></con:property><con:property><con:name>salesPersonNo</con:name><con:value/></con:property><con:property><con:name>securityPin</con:name><con:value/></con:property><con:property><con:name>singleSaleLimit</con:name><con:value/></con:property><con:property><con:name>sourceCode</con:name><con:value/></con:property><con:property><con:name>specialProcessingCode</con:name><con:value/></con:property><con:property><con:name>specialPurchaseInstructions</con:name><con:value/></con:property><con:property><con:name>ssnOverrideFlag</con:name><con:value/></con:property><con:property><con:name>taxExemptFlag</con:name><con:value/></con:property><con:property><con:name>taxNumber</con:name><con:value>701675529</con:value></con:property><con:property><con:name>tempAccount</con:name><con:value/></con:property><con:property><con:name>tempClExpDate</con:name><con:value/></con:property><con:property><con:name>temporaryCreditLine</con:name><con:value/></con:property><con:property><con:name>timeAtHome</con:name><con:value/></con:property><con:property><con:name>trade1Name</con:name><con:value/></con:property><con:property><con:name>trade1PhoneNo</con:name><con:value/></con:property><con:property><con:name>trade2Name</con:name><con:value/></con:property><con:property><con:name>trade2PhoneNo</con:name><con:value/></con:property><con:property><con:name>trade3Name</con:name><con:value/></con:property><con:property><con:name>trade3PhoneNo</con:name><con:value/></con:property><con:property><con:name>trade4Name</con:name><con:value/></con:property><con:property><con:name>trade4PhoneNo</con:name><con:value/></con:property><con:property><con:name>tradeContactName1</con:name><con:value/></con:property><con:property><con:name>tradeContactName2</con:name><con:value/></con:property><con:property><con:name>tradeRef1PhoneExt</con:name><con:value/></con:property><con:property><con:name>userFlag1_4</con:name><con:value/></con:property><con:property><con:name>userIp</con:name><con:value>10.81.69.235</con:value></con:property><con:property><con:name>address2_beneficial</con:name><con:value/></con:property><con:property><con:name>city_beneficial</con:name><con:value>OVERLAND PARK</con:value></con:property><con:property><con:name>countryCode_beneficial</con:name><con:value>USA</con:value></con:property><con:property><con:name>countryIssuance_beneficial</con:name><con:value/></con:property><con:property><con:name>dob_beneficial</con:name><con:value>08211964</con:value></con:property><con:property><con:name>expiryDate_beneficial</con:name><con:value/></con:property><con:property><con:name>firstName_beneficial</con:name><con:value>BONNIE</con:value></con:property><con:property><con:name>homeAddress_beneficial</con:name><con:value>8816 W 49 WEST 124TH ST</con:value></con:property><con:property><con:name>identityNo_beneficial</con:name><con:value/></con:property><con:property><con:name>issueDate_beneficial</con:name><con:value/></con:property><con:property><con:name>lastName_beneficial</con:name><con:value>KIDD</con:value></con:property><con:property><con:name>legalDesc_beneficial</con:name><con:value/></con:property><con:property><con:name>middleName_beneficial</con:name><con:value/></con:property><con:property><con:name>ownerIndicator_beneficial</con:name><con:value>CP</con:value></con:property><con:property><con:name>ssn_beneficial</con:name><con:value>666865460</con:value></con:property><con:property><con:name>state_beneficial</con:name><con:value>KS</con:value></con:property><con:property><con:name>title_beneficial</con:name><con:value>MR</con:value></con:property><con:property><con:name>usCitizen_beneficial</con:name><con:value>Y</con:value></con:property><con:property><con:name>zip_beneficial</con:name><con:value>66213</con:value></con:property><con:property><con:name>address2_Owner</con:name><con:value/></con:property><con:property><con:name>ssn_Owner</con:name><con:value/></con:property><con:property><con:name>state_Owner</con:name><con:value/></con:property><con:property><con:name>usCitizen_Owner</con:name><con:value/></con:property><con:property><con:name>zip_Owner</con:name><con:value/></con:property><con:property><con:name>city_Owner</con:name><con:value/></con:property><con:property><con:name>countryCode_Owner</con:name><con:value/></con:property><con:property><con:name>countryIssuance_Owner</con:name><con:value/></con:property><con:property><con:name>dob_Owner</con:name><con:value/></con:property><con:property><con:name>expiryDate_Owner</con:name><con:value/></con:property><con:property><con:name>firstName_Owner</con:name><con:value/></con:property><con:property><con:name>homeAddress_Owner</con:name><con:value/></con:property><con:property><con:name>identityNo_Owner</con:name><con:value/></con:property><con:property><con:name>issueDate_Owner</con:name><con:value/></con:property><con:property><con:name>lastName_Owner</con:name><con:value/></con:property><con:property><con:name>legalDesc_Owner</con:name><con:value/></con:property><con:property><con:name>middleName_Owner</con:name><con:value/></con:property><con:property><con:name>ownerIndicator_Owner</con:name><con:value/></con:property><con:property><con:name>AccStatusMessage</con:name><con:value>DECLINE</con:value></con:property></con:properties></con:testSuite><con:properties/><con:wssContainer/><con:oAuth2ProfileContainer/><con:oAuth1ProfileContainer/></con:soapui-project>