<?xml version="1.0" encoding="UTF-8"?>
<!DOCTYPE suite SYSTEM "http://testng.org/testng-1.0.dtd">
<suite name="Suite" parallel="none">
  <test name="Test">
 
    <classes>
      <class name="com.tms.TestScripts.TMSLookupTest">
      	<methods>
      		<include name="TMSLookupByPLCCAccountNumber_TC001"/>
      	</methods>
      </class>
      <class name="com.tms.TestScripts.TMSApplyTest"/>
      <class name="com.tms.config.BaseClass"/>
      <class name="com.tms.TestScripts.TMSPurchaseTest"/>
      <class name="com.tms.TestScripts.TMSRefundTest"/>
    </classes>
  </test> <!-- Test -->
</suite> <!-- Suite -->
